timestamp,market_slug,question,strategy,side,entry_price,size,confidence,reason,status,payout,end_date,market_type,strategy_version,fees,fill_price
2026-04-10T14:24:15.516061+00:00,xrp-updown-5m-1775830800,"XRP Up or Down - April 10, 10:20AM-10:25AM ET",updown,YES,0.7950,2.00,0.33,"XRP implied UP at 80%, edge +5.0%, 44s to close",won,2.52,2026-04-10T14:25:00+00:00,5m,0,0.0000,
2026-04-10T14:24:15.516357+00:00,btc-updown-5m-1775830800,"Bitcoin Up or Down - April 10, 10:20AM-10:25AM ET",updown,YES,0.8450,1.80,0.33,"BTC implied UP at 84%, edge +5.0%, 44s to close",won,2.13,2026-04-10T14:25:00+00:00,5m,0,0.0000,
2026-04-10T14:24:15.516444+00:00,doge-updown-5m-1775830800,"Dogecoin Up or Down - April 10, 10:20AM-10:25AM ET",updown,YES,0.8350,1.62,0.33,"DOGE implied UP at 84%, edge +5.0%, 44s to close",won,1.94,2026-04-10T14:25:00+00:00,5m,0,0.0000,
2026-04-10T14:24:15.516517+00:00,eth-updown-5m-1775830800,"Ethereum Up or Down - April 10, 10:20AM-10:25AM ET",updown,YES,0.8550,1.46,0.30,"ETH implied UP at 86%, edge +4.5%, 44s to close",won,1.71,2026-04-10T14:25:00+00:00,5m,0,0.0000,
2026-04-10T14:24:15.516586+00:00,bnb-updown-5m-1775830800,"BNB Up or Down - April 10, 10:20AM-10:25AM ET",updown,YES,0.8050,1.31,0.33,"BNB implied UP at 80%, edge +5.0%, 44s to close",won,1.63,2026-04-10T14:25:00+00:00,5m,0,0.0000,
2026-04-10T14:28:04.759483+00:00,doge-updown-5m-1775831100,"Dogecoin Up or Down - April 10, 10:25AM-10:30AM ET",updown,NO,0.8500,1.18,0.33,"DOGE implied DOWN at 15%, edge -5.0%, 115s to close",won,1.39,2026-04-10T14:30:00+00:00,5m,0,0.0000,
2026-04-10T14:28:04.760252+00:00,xrp-updown-5m-1775831100,"XRP Up or Down - April 10, 10:25AM-10:30AM ET",updown,NO,0.7650,1.06,0.33,"XRP implied DOWN at 24%, edge -5.0%, 115s to close",won,1.39,2026-04-10T14:30:00+00:00,5m,0,0.0000,
2026-04-10T14:28:04.760360+00:00,sol-updown-5m-1775831100,"Solana Up or Down - April 10, 10:25AM-10:30AM ET",updown,NO,0.8350,1.00,0.33,"SOL implied DOWN at 16%, edge -5.0%, 115s to close",won,1.20,2026-04-10T14:30:00+00:00,5m,0,0.0000,
2026-04-10T14:28:04.760439+00:00,hype-updown-5m-1775831100,"Hyperliquid Up or Down - April 10, 10:25AM-10:30AM ET",updown,NO,0.7950,1.00,0.33,"HYPE implied DOWN at 20%, edge -5.0%, 115s to close",won,1.26,2026-04-10T14:30:00+00:00,5m,0,0.0000,
2026-04-10T14:28:04.760506+00:00,btc-updown-5m-1775831100,"Bitcoin Up or Down - April 10, 10:25AM-10:30AM ET",updown,NO,0.5600,1.00,0.33,"BTC implied DOWN at 44%, edge -5.0%, 115s to close",won,1.79,2026-04-10T14:30:00+00:00,5m,0,0.0000,
2026-04-10T14:28:27.370343+00:00,bnb-updown-5m-1775831100,"BNB Up or Down - April 10, 10:25AM-10:30AM ET",updown,NO,0.8350,1.00,0.33,"BNB implied DOWN at 16%, edge -5.0%, 92s to close",won,1.20,2026-04-10T14:30:00+00:00,5m,0,0.0000,
2026-04-10T14:33:12.003055+00:00,sol-updown-5m-1775831400,"Solana Up or Down - April 10, 10:30AM-10:35AM ET",updown,YES,0.8150,1.55,0.33,"SOL implied UP at 82%, edge +5.0%, 107s to close",won,1.90,2026-04-10T14:35:00+00:00,5m,0,0.0000,
2026-04-10T14:33:12.005901+00:00,eth-updown-5m-1775831400,"Ethereum Up or Down - April 10, 10:30AM-10:35AM ET",updown,YES,0.6850,1.39,0.33,"ETH implied UP at 68%, edge +5.0%, 107s to close",won,2.03,2026-04-10T14:35:00+00:00,5m,0,0.0000,
2026-04-10T14:33:12.006029+00:00,btc-updown-5m-1775831400,"Bitcoin Up or Down - April 10, 10:30AM-10:35AM ET",updown,YES,0.7450,1.25,0.33,"BTC implied UP at 74%, edge +5.0%, 107s to close",won,1.68,2026-04-10T14:35:00+00:00,5m,0,0.0000,
2026-04-10T14:33:12.006117+00:00,bnb-updown-5m-1775831400,"BNB Up or Down - April 10, 10:30AM-10:35AM ET",updown,YES,0.7250,1.13,0.33,"BNB implied UP at 72%, edge +5.0%, 107s to close",won,1.56,2026-04-10T14:35:00+00:00,5m,0,0.0000,
2026-04-10T14:33:12.006191+00:00,xrp-updown-5m-1775831400,"XRP Up or Down - April 10, 10:30AM-10:35AM ET",updown,YES,0.7450,1.02,0.33,"XRP implied UP at 74%, edge +5.0%, 107s to close",won,1.37,2026-04-10T14:35:00+00:00,5m,0,0.0000,
2026-04-10T14:34:09.521317+00:00,doge-updown-5m-1775831400,"Dogecoin Up or Down - April 10, 10:30AM-10:35AM ET",updown,YES,0.8700,1.03,0.20,"DOGE implied UP at 87%, edge +3.0%, 50s to close",won,1.18,2026-04-10T14:35:00+00:00,5m,0,0.0000,
2026-04-10T14:43:07.917922+00:00,hype-updown-5m-1775832000,"Hyperliquid Up or Down - April 10, 10:40AM-10:45AM ET",updown,YES,0.7900,2.61,0.33,"HYPE implied UP at 79%, edge +5.0%, 112s to close",lost,0.00,2026-04-10T14:45:00+00:00,5m,0,0.0000,
2026-04-10T14:43:07.918926+00:00,sol-updown-5m-1775832000,"Solana Up or Down - April 10, 10:40AM-10:45AM ET",updown,NO,0.7150,2.35,0.33,"SOL implied DOWN at 28%, edge -5.0%, 112s to close",won,3.28,2026-04-10T14:45:00+00:00,5m,0,0.0000,
2026-04-10T14:43:07.919080+00:00,xrp-updown-5m-1775832000,"XRP Up or Down - April 10, 10:40AM-10:45AM ET",updown,NO,0.5150,2.11,0.33,"XRP implied DOWN at 48%, edge -5.0%, 112s to close",won,4.10,2026-04-10T14:45:00+00:00,5m,0,0.0000,
2026-04-10T14:43:07.919219+00:00,doge-updown-5m-1775832000,"Dogecoin Up or Down - April 10, 10:40AM-10:45AM ET",updown,NO,0.7200,1.90,0.33,"DOGE implied DOWN at 28%, edge -5.0%, 112s to close",won,2.64,2026-04-10T14:45:00+00:00,5m,0,0.0000,
2026-04-10T14:43:07.919305+00:00,btc-updown-5m-1775832000,"Bitcoin Up or Down - April 10, 10:40AM-10:45AM ET",updown,NO,0.5250,1.71,0.33,"BTC implied DOWN at 48%, edge -5.0%, 112s to close",won,3.26,2026-04-10T14:45:00+00:00,5m,0,0.0000,
2026-04-10T14:43:07.919383+00:00,eth-updown-15m-1775831400,"Ethereum Up or Down - April 10, 10:30AM-10:45AM ET",updown,YES,0.7650,1.54,0.33,"ETH implied UP at 76%, edge +5.0%, 112s to close",lost,0.00,2026-04-10T14:45:00+00:00,5m,0,0.0000,
2026-04-10T14:43:07.919498+00:00,bnb-updown-5m-1775832000,"BNB Up or Down - April 10, 10:40AM-10:45AM ET",updown,NO,0.5200,1.39,0.33,"BNB implied DOWN at 48%, edge -5.0%, 112s to close",won,2.67,2026-04-10T14:45:00+00:00,5m,0,0.0000,
2026-04-10T14:43:07.919633+00:00,eth-updown-5m-1775832000,"Ethereum Up or Down - April 10, 10:40AM-10:45AM ET",updown,NO,0.5250,1.25,0.33,"ETH implied DOWN at 48%, edge -5.0%, 112s to close",won,2.38,2026-04-10T14:45:00+00:00,5m,0,0.0000,
2026-04-10T14:43:07.919724+00:00,btc-updown-15m-1775831400,"Bitcoin Up or Down - April 10, 10:30AM-10:45AM ET",updown,YES,0.8450,1.12,0.33,"BTC implied UP at 84%, edge +5.0%, 112s to close",lost,0.00,2026-04-10T14:45:00+00:00,5m,0,0.0000,
2026-04-10T14:43:28.556939+00:00,sol-updown-15m-1775831400,"Solana Up or Down - April 10, 10:30AM-10:45AM ET",updown,YES,0.8350,1.01,0.33,"SOL implied UP at 84%, edge +5.0%, 91s to close",lost,0.00,2026-04-10T14:45:00+00:00,5m,0,0.0000,
2026-04-10T14:48:13.932202+00:00,xrp-updown-5m-1775832300,"XRP Up or Down - April 10, 10:45AM-10:50AM ET",updown,YES,0.5650,1.00,0.33,"XRP implied UP at 56%, edge +5.0%, 106s to close",lost,0.00,2026-04-10T14:50:00+00:00,5m,0,0.0000,
2026-04-10T14:48:13.937244+00:00,sol-updown-5m-1775832300,"Solana Up or Down - April 10, 10:45AM-10:50AM ET",updown,YES,0.6150,1.00,0.33,"SOL implied UP at 62%, edge +5.0%, 106s to close",lost,0.00,2026-04-10T14:50:00+00:00,5m,0,0.0000,
2026-04-10T14:48:13.937343+00:00,doge-updown-5m-1775832300,"Dogecoin Up or Down - April 10, 10:45AM-10:50AM ET",updown,YES,0.5200,1.00,0.33,"DOGE implied UP at 52%, edge +5.0%, 106s to close",lost,0.00,2026-04-10T14:50:00+00:00,5m,0,0.0000,
2026-04-10T14:48:13.937414+00:00,eth-updown-5m-1775832300,"Ethereum Up or Down - April 10, 10:45AM-10:50AM ET",updown,YES,0.5350,1.00,0.33,"ETH implied UP at 54%, edge +5.0%, 106s to close",lost,0.00,2026-04-10T14:50:00+00:00,5m,0,0.0000,
2026-04-10T14:48:13.937480+00:00,bnb-updown-5m-1775832300,"BNB Up or Down - April 10, 10:45AM-10:50AM ET",updown,YES,0.6400,1.00,0.33,"BNB implied UP at 64%, edge +5.0%, 106s to close",lost,0.00,2026-04-10T14:50:00+00:00,5m,0,0.0000,
2026-04-10T14:48:13.937543+00:00,btc-updown-5m-1775832300,"Bitcoin Up or Down - April 10, 10:45AM-10:50AM ET",updown,YES,0.5150,1.00,0.33,"BTC implied UP at 52%, edge +5.0%, 106s to close",lost,0.00,2026-04-10T14:50:00+00:00,5m,0,0.0000,
2026-04-10T14:53:02.463958+00:00,doge-updown-5m-1775832600,"Dogecoin Up or Down - April 10, 10:50AM-10:55AM ET",updown,NO,0.5100,2.14,0.33,"DOGE implied DOWN at 49%, edge -5.0%, 117s to close",lost,0.00,2026-04-10T14:55:00+00:00,5m,0,0.0000,
2026-04-10T14:53:02.466628+00:00,eth-updown-5m-1775832600,"Ethereum Up or Down - April 10, 10:50AM-10:55AM ET",updown,NO,0.5050,1.93,0.33,"ETH implied DOWN at 50%, edge -5.0%, 117s to close",lost,0.00,2026-04-10T14:55:00+00:00,5m,0,0.0000,
2026-04-10T14:53:02.466763+00:00,xrp-updown-5m-1775832600,"XRP Up or Down - April 10, 10:50AM-10:55AM ET",updown,NO,0.5100,1.73,0.33,"XRP implied DOWN at 49%, edge -5.0%, 117s to close",lost,0.00,2026-04-10T14:55:00+00:00,5m,0,0.0000,
2026-04-10T14:53:02.466910+00:00,btc-updown-5m-1775832600,"Bitcoin Up or Down - April 10, 10:50AM-10:55AM ET",updown,NO,0.5150,1.56,0.33,"BTC implied DOWN at 48%, edge -5.0%, 117s to close",lost,0.00,2026-04-10T14:55:00+00:00,5m,0,0.0000,
2026-04-10T14:53:02.466987+00:00,sol-updown-5m-1775832600,"Solana Up or Down - April 10, 10:50AM-10:55AM ET",updown,NO,0.5100,1.41,0.33,"SOL implied DOWN at 49%, edge -5.0%, 117s to close",lost,0.00,2026-04-10T14:55:00+00:00,5m,0,0.0000,
2026-04-10T15:34:27.489605+00:00,eth-updown-5m-1775835000,"Ethereum Up or Down - April 10, 11:30AM-11:35AM ET",updown,NO,0.7500,1.26,0.33,"ETH implied DOWN at 25%, edge -5.0%, 32s to close",won,1.69,2026-04-10T15:35:00+00:00,5m,0,0.0000,
2026-04-10T15:34:27.495072+00:00,bnb-updown-5m-1775835000,"BNB Up or Down - April 10, 11:30AM-11:35AM ET",updown,YES,0.5550,1.14,0.33,"BNB implied UP at 56%, edge +5.0%, 32s to close",won,2.05,2026-04-10T15:35:00+00:00,5m,0,0.0000,
2026-04-10T15:34:27.495206+00:00,xrp-updown-5m-1775835000,"XRP Up or Down - April 10, 11:30AM-11:35AM ET",updown,NO,0.5750,1.02,0.33,"XRP implied DOWN at 42%, edge -5.0%, 32s to close",won,1.78,2026-04-10T15:35:00+00:00,5m,0,0.0000,
2026-04-10T15:34:27.495283+00:00,hype-updown-5m-1775835000,"Hyperliquid Up or Down - April 10, 11:30AM-11:35AM ET",updown,YES,0.8700,1.00,0.20,"HYPE implied UP at 87%, edge +3.0%, 32s to close",won,1.15,2026-04-10T15:35:00+00:00,5m,0,0.0000,
2026-04-10T15:34:27.495350+00:00,btc-updown-5m-1775835000,"Bitcoin Up or Down - April 10, 11:30AM-11:35AM ET",updown,NO,0.8100,1.00,0.33,"BTC implied DOWN at 19%, edge -5.0%, 32s to close",won,1.23,2026-04-10T15:35:00+00:00,5m,0,0.0000,
2026-04-10T15:34:27.495416+00:00,sol-updown-5m-1775835000,"Solana Up or Down - April 10, 11:30AM-11:35AM ET",updown,NO,0.7300,1.00,0.33,"SOL implied DOWN at 27%, edge -5.0%, 32s to close",won,1.37,2026-04-10T15:35:00+00:00,5m,0,0.0000,
2026-04-10T15:38:08.095684+00:00,bnb-updown-5m-1775835300,"BNB Up or Down - April 10, 11:35AM-11:40AM ET",updown,NO,0.6900,1.00,0.33,"BNB implied DOWN at 31%, edge -5.0%, 111s to close",won,1.45,2026-04-10T15:40:00+00:00,5m,0,0.0000,
2026-04-10T15:38:08.095963+00:00,btc-updown-5m-1775835300,"Bitcoin Up or Down - April 10, 11:35AM-11:40AM ET",updown,YES,0.5550,1.00,0.33,"BTC implied UP at 56%, edge +5.0%, 111s to close",won,1.80,2026-04-10T15:40:00+00:00,5m,0,0.0000,
2026-04-10T15:38:08.096229+00:00,doge-updown-5m-1775835300,"Dogecoin Up or Down - April 10, 11:35AM-11:40AM ET",updown,NO,0.5250,1.00,0.33,"DOGE implied DOWN at 48%, edge -5.0%, 111s to close",won,1.90,2026-04-10T15:40:00+00:00,5m,0,0.0000,
2026-04-10T15:38:08.096328+00:00,sol-updown-5m-1775835300,"Solana Up or Down - April 10, 11:35AM-11:40AM ET",updown,NO,0.5050,1.00,0.33,"SOL implied DOWN at 50%, edge -5.0%, 111s to close",won,1.98,2026-04-10T15:40:00+00:00,5m,0,0.0000,
2026-04-10T15:38:08.096401+00:00,xrp-updown-5m-1775835300,"XRP Up or Down - April 10, 11:35AM-11:40AM ET",updown,NO,0.5150,1.00,0.33,"XRP implied DOWN at 48%, edge -5.0%, 111s to close",won,1.94,2026-04-10T15:40:00+00:00,5m,0,0.0000,
2026-04-10T15:38:08.096479+00:00,eth-updown-5m-1775835300,"Ethereum Up or Down - April 10, 11:35AM-11:40AM ET",updown,NO,0.5700,1.00,0.33,"ETH implied DOWN at 43%, edge -5.0%, 111s to close",won,1.75,2026-04-10T15:40:00+00:00,5m,0,0.0000,
2026-04-10T15:43:05.309217+00:00,btc-updown-5m-1775835600,"Bitcoin Up or Down - April 10, 11:40AM-11:45AM ET",updown,NO,0.7950,1.14,0.33,"BTC implied DOWN at 20%, edge -5.0%, 114s to close",lost,0.00,2026-04-10T15:45:00+00:00,5m,0,0.0000,
2026-04-10T15:43:05.312081+00:00,eth-updown-5m-1775835600,"Ethereum Up or Down - April 10, 11:40AM-11:45AM ET",updown,NO,0.7050,1.03,0.33,"ETH implied DOWN at 30%, edge -5.0%, 114s to close",won,1.46,2026-04-10T15:45:00+00:00,5m,0,0.0000,
2026-04-10T15:43:05.312186+00:00,xrp-updown-5m-1775835600,"XRP Up or Down - April 10, 11:40AM-11:45AM ET",updown,NO,0.7650,1.00,0.33,"XRP implied DOWN at 24%, edge -5.0%, 114s to close",won,1.31,2026-04-10T15:45:00+00:00,5m,0,0.0000,
2026-04-10T15:43:05.312266+00:00,sol-updown-5m-1775835600,"Solana Up or Down - April 10, 11:40AM-11:45AM ET",updown,NO,0.7050,1.00,0.33,"SOL implied DOWN at 30%, edge -5.0%, 114s to close",won,1.42,2026-04-10T15:45:00+00:00,5m,0,0.0000,
2026-04-10T15:43:05.312401+00:00,btc-updown-15m-1775835000,"Bitcoin Up or Down - April 10, 11:30AM-11:45AM ET",updown,NO,0.8450,1.00,0.33,"BTC implied DOWN at 16%, edge -5.0%, 114s to close",won,1.18,2026-04-10T15:45:00+00:00,5m,0,0.0000,
2026-04-10T15:43:05.312474+00:00,xrp-updown-15m-1775835000,"XRP Up or Down - April 10, 11:30AM-11:45AM ET",updown,NO,0.8450,1.00,0.33,"XRP implied DOWN at 16%, edge -5.0%, 114s to close",won,1.18,2026-04-10T15:45:00+00:00,5m,0,0.0000,
2026-04-10T15:44:12.027436+00:00,hype-updown-5m-1775835600,"Hyperliquid Up or Down - April 10, 11:40AM-11:45AM ET",updown,NO,0.8700,1.00,0.20,"HYPE implied DOWN at 13%, edge -3.0%, 47s to close",lost,0.00,2026-04-10T15:45:00+00:00,5m,0,0.0000,
2026-04-10T15:53:15.053493+00:00,eth-updown-5m-1775836200,"Ethereum Up or Down - April 10, 11:50AM-11:55AM ET",updown,NO,0.5650,1.97,0.33,"ETH implied DOWN at 44%, edge -5.0%, 104s to close",won,3.49,2026-04-10T15:55:00+00:00,5m,0,0.0000,
2026-04-10T15:53:15.053789+00:00,xrp-updown-5m-1775836200,"XRP Up or Down - April 10, 11:50AM-11:55AM ET",updown,NO,0.5300,1.77,0.33,"XRP implied DOWN at 47%, edge -5.0%, 104s to close",won,3.35,2026-04-10T15:55:00+00:00,5m,0,0.0000,
2026-04-10T15:53:15.054061+00:00,sol-updown-5m-1775836200,"Solana Up or Down - April 10, 11:50AM-11:55AM ET",updown,YES,0.5450,1.60,0.33,"SOL implied UP at 55%, edge +5.0%, 104s to close",lost,0.00,2026-04-10T15:55:00+00:00,5m,0,0.0000,
2026-04-10T15:53:15.054163+00:00,btc-updown-5m-1775836200,"Bitcoin Up or Down - April 10, 11:50AM-11:55AM ET",updown,NO,0.6650,1.44,0.33,"BTC implied DOWN at 34%, edge -5.0%, 104s to close",won,2.16,2026-04-10T15:55:00+00:00,5m,0,0.0000,
2026-04-10T15:58:10.399854+00:00,xrp-updown-5m-1775836500,"XRP Up or Down - April 10, 11:55AM-12:00PM ET",updown,NO,0.6650,1.29,0.33,"XRP implied DOWN at 34%, edge -5.0%, 109s to close",won,1.94,2026-04-10T16:00:00+00:00,5m,0,0.0000,
2026-04-10T15:58:10.404776+00:00,eth-updown-5m-1775836500,"Ethereum Up or Down - April 10, 11:55AM-12:00PM ET",updown,YES,0.6100,1.16,0.33,"ETH implied UP at 61%, edge +5.0%, 109s to close",lost,0.00,2026-04-10T16:00:00+00:00,5m,0,0.0000,
2026-04-10T15:58:10.404895+00:00,btc-updown-5m-1775836500,"Bitcoin Up or Down - April 10, 11:55AM-12:00PM ET",updown,YES,0.5050,1.05,0.33,"BTC implied UP at 50%, edge +5.0%, 109s to close",lost,0.00,2026-04-10T16:00:00+00:00,5m,0,0.0000,
2026-04-10T15:58:10.404973+00:00,sol-updown-5m-1775836500,"Solana Up or Down - April 10, 11:55AM-12:00PM ET",updown,NO,0.7550,1.00,0.33,"SOL implied DOWN at 24%, edge -5.0%, 109s to close",won,1.32,2026-04-10T16:00:00+00:00,5m,0,0.0000,
2026-04-10T15:58:22.146365+00:00,doge-updown-5m-1775836500,"Dogecoin Up or Down - April 10, 11:55AM-12:00PM ET",updown,NO,0.6200,1.00,0.33,"DOGE implied DOWN at 38%, edge -5.0%, 97s to close",won,1.61,2026-04-10T16:00:00+00:00,5m,0,0.0000,
2026-04-10T16:03:04.254938+00:00,btc-updown-5m-1775836800,"Bitcoin Up or Down - April 10, 12:00PM-12:05PM ET",updown,YES,0.5050,1.64,0.33,"BTC implied UP at 50%, edge +5.0%, 115s to close",won,3.25,2026-04-10T16:05:00+00:00,5m,0,0.0000,
2026-04-10T16:03:04.257851+00:00,eth-updown-5m-1775836800,"Ethereum Up or Down - April 10, 12:00PM-12:05PM ET",updown,YES,0.5250,1.48,0.33,"ETH implied UP at 52%, edge +5.0%, 115s to close",won,2.82,2026-04-10T16:05:00+00:00,5m,0,0.0000,
2026-04-10T16:03:04.257996+00:00,hype-updown-5m-1775836800,"Hyperliquid Up or Down - April 10, 12:00PM-12:05PM ET",updown,YES,0.5200,1.33,0.33,"HYPE implied UP at 52%, edge +5.0%, 115s to close",won,2.56,2026-04-10T16:05:00+00:00,5m,0,0.0000,
2026-04-10T16:03:04.258070+00:00,sol-updown-5m-1775836800,"Solana Up or Down - April 10, 12:00PM-12:05PM ET",updown,YES,0.5250,1.20,0.33,"SOL implied UP at 52%, edge +5.0%, 115s to close",lost,0.00,2026-04-10T16:05:00+00:00,5m,0,0.0000,
2026-04-10T16:03:04.258141+00:00,xrp-updown-5m-1775836800,"XRP Up or Down - April 10, 12:00PM-12:05PM ET",updown,NO,0.5050,1.08,0.33,"XRP implied DOWN at 50%, edge -5.0%, 115s to close",lost,0.00,2026-04-10T16:05:00+00:00,5m,0,0.0000,
2026-04-10T16:03:04.258213+00:00,bnb-updown-5m-1775836800,"BNB Up or Down - April 10, 12:00PM-12:05PM ET",updown,YES,0.7850,1.00,0.33,"BNB implied UP at 78%, edge +5.0%, 115s to close",won,1.27,2026-04-10T16:05:00+00:00,5m,0,0.0000,
2026-04-10T16:08:13.133080+00:00,bnb-updown-5m-1775837100,"BNB Up or Down - April 10, 12:05PM-12:10PM ET",updown,NO,0.5350,1.36,0.33,"BNB implied DOWN at 46%, edge -5.0%, 106s to close",lost,0.00,2026-04-10T16:10:00+00:00,5m,0,0.0000,
2026-04-10T16:08:13.133275+00:00,sol-updown-5m-1775837100,"Solana Up or Down - April 10, 12:05PM-12:10PM ET",updown,YES,0.5150,1.22,0.33,"SOL implied UP at 52%, edge +5.0%, 106s to close",won,2.37,2026-04-10T16:10:00+00:00,5m,0,0.0000,
2026-04-10T16:08:13.133347+00:00,eth-updown-5m-1775837100,"Ethereum Up or Down - April 10, 12:05PM-12:10PM ET",updown,YES,0.5450,1.10,0.33,"ETH implied UP at 55%, edge +5.0%, 106s to close",won,2.02,2026-04-10T16:10:00+00:00,5m,0,0.0000,
2026-04-10T16:08:13.133416+00:00,btc-updown-5m-1775837100,"Bitcoin Up or Down - April 10, 12:05PM-12:10PM ET",updown,YES,0.5050,1.00,0.33,"BTC implied UP at 50%, edge +5.0%, 106s to close",won,1.98,2026-04-10T16:10:00+00:00,5m,0,0.0000,
2026-04-10T16:08:13.133481+00:00,doge-updown-5m-1775837100,"Dogecoin Up or Down - April 10, 12:05PM-12:10PM ET",updown,YES,0.5450,1.00,0.33,"DOGE implied UP at 55%, edge +5.0%, 106s to close",won,1.83,2026-04-10T16:10:00+00:00,5m,0,0.0000,
2026-04-10T16:08:13.133547+00:00,xrp-updown-5m-1775837100,"XRP Up or Down - April 10, 12:05PM-12:10PM ET",updown,YES,0.5350,1.00,0.33,"XRP implied UP at 54%, edge +5.0%, 106s to close",won,1.87,2026-04-10T16:10:00+00:00,5m,0,0.0000,
2026-04-10T16:13:04.519507+00:00,doge-updown-5m-1775837400,"Dogecoin Up or Down - April 10, 12:10PM-12:15PM ET",updown,YES,0.8500,1.86,0.33,"DOGE implied UP at 85%, edge +5.0%, 115s to close",won,2.19,2026-04-10T16:15:00+00:00,5m,0,0.0000,
2026-04-10T16:13:04.519627+00:00,eth-updown-5m-1775837400,"Ethereum Up or Down - April 10, 12:10PM-12:15PM ET",updown,YES,0.8450,1.68,0.33,"ETH implied UP at 84%, edge +5.0%, 115s to close",won,1.98,2026-04-10T16:15:00+00:00,5m,0,0.0000,
2026-04-10T16:13:04.519704+00:00,sol-updown-5m-1775837400,"Solana Up or Down - April 10, 12:10PM-12:15PM ET",updown,YES,0.7650,1.51,0.33,"SOL implied UP at 76%, edge +5.0%, 115s to close",won,1.97,2026-04-10T16:15:00+00:00,5m,0,0.0000,
2026-04-10T16:13:04.519775+00:00,hype-updown-5m-1775837400,"Hyperliquid Up or Down - April 10, 12:10PM-12:15PM ET",updown,YES,0.7850,1.36,0.33,"HYPE implied UP at 78%, edge +5.0%, 115s to close",won,1.73,2026-04-10T16:15:00+00:00,5m,0,0.0000,
2026-04-10T16:13:04.519844+00:00,bnb-updown-5m-1775837400,"BNB Up or Down - April 10, 12:10PM-12:15PM ET",updown,YES,0.7150,1.22,0.33,"BNB implied UP at 72%, edge +5.0%, 115s to close",won,1.71,2026-04-10T16:15:00+00:00,5m,0,0.0000,
2026-04-10T16:13:04.519915+00:00,btc-updown-5m-1775837400,"Bitcoin Up or Down - April 10, 12:10PM-12:15PM ET",updown,YES,0.8350,1.10,0.33,"BTC implied UP at 84%, edge +5.0%, 115s to close",won,1.32,2026-04-10T16:15:00+00:00,5m,0,0.0000,
2026-04-10T16:18:09.792670+00:00,bnb-updown-5m-1775837700,"BNB Up or Down - April 10, 12:15PM-12:20PM ET",updown,YES,0.6450,1.98,0.33,"BNB implied UP at 64%, edge +5.0%, 110s to close",won,3.08,2026-04-10T16:20:00+00:00,5m,0,0.0000,
2026-04-10T16:18:09.792953+00:00,sol-updown-5m-1775837700,"Solana Up or Down - April 10, 12:15PM-12:20PM ET",updown,YES,0.5050,1.79,0.33,"SOL implied UP at 50%, edge +5.0%, 110s to close",won,3.54,2026-04-10T16:20:00+00:00,5m,0,0.0000,
2026-04-10T16:18:09.793192+00:00,btc-updown-5m-1775837700,"Bitcoin Up or Down - April 10, 12:15PM-12:20PM ET",updown,YES,0.7250,1.61,0.33,"BTC implied UP at 72%, edge +5.0%, 110s to close",won,2.22,2026-04-10T16:20:00+00:00,5m,0,0.0000,
2026-04-10T16:18:09.793274+00:00,eth-updown-5m-1775837700,"Ethereum Up or Down - April 10, 12:15PM-12:20PM ET",updown,YES,0.7150,1.45,0.33,"ETH implied UP at 72%, edge +5.0%, 110s to close",won,2.02,2026-04-10T16:20:00+00:00,5m,0,0.0000,
2026-04-10T16:18:09.793342+00:00,xrp-updown-5m-1775837700,"XRP Up or Down - April 10, 12:15PM-12:20PM ET",updown,YES,0.7900,1.30,0.33,"XRP implied UP at 79%, edge +5.0%, 110s to close",won,1.65,2026-04-10T16:20:00+00:00,5m,0,0.0000,
2026-04-10T16:18:09.793417+00:00,doge-updown-5m-1775837700,"Dogecoin Up or Down - April 10, 12:15PM-12:20PM ET",updown,YES,0.6850,1.17,0.33,"DOGE implied UP at 68%, edge +5.0%, 110s to close",won,1.71,2026-04-10T16:20:00+00:00,5m,0,0.0000,
2026-04-10T16:18:21.116803+00:00,hype-updown-5m-1775837700,"Hyperliquid Up or Down - April 10, 12:15PM-12:20PM ET",updown,NO,0.7750,1.05,0.33,"HYPE implied DOWN at 22%, edge -5.0%, 98s to close",won,1.36,2026-04-10T16:20:00+00:00,5m,0,0.0000,
2026-04-10T16:23:03.149353+00:00,eth-updown-5m-1775838000,"Ethereum Up or Down - April 10, 12:20PM-12:25PM ET",updown,NO,0.5150,2.35,0.33,"ETH implied DOWN at 48%, edge -5.0%, 116s to close",lost,0.00,2026-04-10T16:25:00+00:00,5m,0,0.0000,
2026-04-10T16:23:03.149623+00:00,sol-updown-5m-1775838000,"Solana Up or Down - April 10, 12:20PM-12:25PM ET",updown,NO,0.5150,2.11,0.33,"SOL implied DOWN at 48%, edge -5.0%, 116s to close",lost,0.00,2026-04-10T16:25:00+00:00,5m,0,0.0000,
2026-04-10T16:23:14.901970+00:00,hype-updown-5m-1775838000,"Hyperliquid Up or Down - April 10, 12:20PM-12:25PM ET",updown,NO,0.8600,1.90,0.27,"HYPE implied DOWN at 14%, edge -4.0%, 105s to close",won,2.21,2026-04-10T16:25:00+00:00,5m,0,0.0000,
2026-04-10T16:28:10.521709+00:00,bnb-updown-5m-1775838300,"BNB Up or Down - April 10, 12:25PM-12:30PM ET",updown,NO,0.6700,2.79,0.33,"BNB implied DOWN at 33%, edge -5.0%, 109s to close",lost,0.00,2026-04-10T16:30:00+00:00,5m,0,0.0000,
2026-04-10T16:28:10.524339+00:00,eth-updown-5m-1775838300,"Ethereum Up or Down - April 10, 12:25PM-12:30PM ET",updown,NO,0.5200,2.51,0.33,"ETH implied DOWN at 48%, edge -5.0%, 109s to close",lost,0.00,2026-04-10T16:30:00+00:00,5m,0,0.0000,
2026-04-10T16:28:10.524423+00:00,sol-updown-5m-1775838300,"Solana Up or Down - April 10, 12:25PM-12:30PM ET",updown,NO,0.7450,2.26,0.33,"SOL implied DOWN at 26%, edge -5.0%, 109s to close",won,3.03,2026-04-10T16:30:00+00:00,5m,0,0.0000,
2026-04-10T16:28:10.524492+00:00,btc-updown-15m-1775837700,"Bitcoin Up or Down - April 10, 12:15PM-12:30PM ET",updown,NO,0.5250,2.03,0.33,"BTC implied DOWN at 48%, edge -5.0%, 109s to close",lost,0.00,2026-04-10T16:30:00+00:00,5m,0,0.0000,
2026-04-10T16:28:10.524565+00:00,doge-updown-5m-1775838300,"Dogecoin Up or Down - April 10, 12:25PM-12:30PM ET",updown,NO,0.8350,1.83,0.33,"DOGE implied DOWN at 16%, edge -5.0%, 109s to close",won,2.19,2026-04-10T16:30:00+00:00,5m,0,0.0000,
2026-04-10T16:28:10.524658+00:00,sol-updown-15m-1775837700,"Solana Up or Down - April 10, 12:15PM-12:30PM ET",updown,YES,0.7350,1.65,0.33,"SOL implied UP at 74%, edge +5.0%, 109s to close",won,2.24,2026-04-10T16:30:00+00:00,5m,0,0.0000,
2026-04-10T16:28:10.524731+00:00,btc-updown-5m-1775838300,"Bitcoin Up or Down - April 10, 12:25PM-12:30PM ET",updown,NO,0.8250,1.48,0.33,"BTC implied DOWN at 18%, edge -5.0%, 109s to close",lost,0.00,2026-04-10T16:30:00+00:00,5m,0,0.0000,
2026-04-10T16:28:10.524794+00:00,xrp-updown-5m-1775838300,"XRP Up or Down - April 10, 12:25PM-12:30PM ET",updown,NO,0.7650,1.33,0.33,"XRP implied DOWN at 24%, edge -5.0%, 109s to close",won,1.74,2026-04-10T16:30:00+00:00,5m,0,0.0000,
2026-04-10T16:28:10.524860+00:00,xrp-updown-15m-1775837700,"XRP Up or Down - April 10, 12:15PM-12:30PM ET",updown,YES,0.6850,1.20,0.33,"XRP implied UP at 68%, edge +5.0%, 109s to close",won,1.75,2026-04-10T16:30:00+00:00,5m,0,0.0000,
2026-04-10T16:28:31.846312+00:00,hype-updown-5m-1775838300,"Hyperliquid Up or Down - April 10, 12:25PM-12:30PM ET",updown,NO,0.7650,1.08,0.33,"HYPE implied DOWN at 24%, edge -5.0%, 88s to close",won,1.41,2026-04-10T16:30:00+00:00,5m,0,0.0000,
2026-04-10T16:33:09.079209+00:00,xrp-updown-5m-1775838600,"XRP Up or Down - April 10, 12:30PM-12:35PM ET",updown,NO,0.5150,1.41,0.33,"XRP implied DOWN at 48%, edge -5.0%, 110s to close",won,2.74,2026-04-10T16:35:00+00:00,5m,0,0.0000,
2026-04-10T16:33:09.079434+00:00,btc-updown-5m-1775838600,"Bitcoin Up or Down - April 10, 12:30PM-12:35PM ET",updown,NO,0.5150,1.27,0.33,"BTC implied DOWN at 48%, edge -5.0%, 110s to close",lost,0.00,2026-04-10T16:35:00+00:00,5m,0,0.0000,
2026-04-10T16:33:09.079623+00:00,eth-updown-5m-1775838600,"Ethereum Up or Down - April 10, 12:30PM-12:35PM ET",updown,NO,0.5750,1.14,0.33,"ETH implied DOWN at 42%, edge -5.0%, 110s to close",won,1.99,2026-04-10T16:35:00+00:00,5m,0,0.0000,
2026-04-10T16:33:09.079726+00:00,sol-updown-5m-1775838600,"Solana Up or Down - April 10, 12:30PM-12:35PM ET",updown,YES,0.5250,1.03,0.33,"SOL implied UP at 52%, edge +5.0%, 110s to close",won,1.96,2026-04-10T16:35:00+00:00,5m,0,0.0000,
2026-04-10T16:34:45.553545+00:00,bnb-updown-5m-1775838600,"BNB Up or Down - April 10, 12:30PM-12:35PM ET",updown,NO,0.7000,1.32,0.33,"BNB implied DOWN at 30%, edge -5.0%, 14s to close",lost,0.00,2026-04-10T16:35:00+00:00,5m,0,0.0000,
2026-04-10T16:38:08.004374+00:00,doge-updown-5m-1775838900,"Dogecoin Up or Down - April 10, 12:35PM-12:40PM ET",updown,NO,0.6600,1.81,0.33,"DOGE implied DOWN at 34%, edge -5.0%, 111s to close",won,2.75,2026-04-10T16:40:00+00:00,5m,0,0.0000,
2026-04-10T16:38:08.005859+00:00,hype-updown-5m-1775838900,"Hyperliquid Up or Down - April 10, 12:35PM-12:40PM ET",updown,NO,0.8000,1.63,0.33,"HYPE implied DOWN at 20%, edge -5.0%, 111s to close",won,2.04,2026-04-10T16:40:00+00:00,5m,0,0.0000,
2026-04-10T16:38:08.007644+00:00,sol-updown-5m-1775838900,"Solana Up or Down - April 10, 12:35PM-12:40PM ET",updown,NO,0.5950,1.47,0.33,"SOL implied DOWN at 40%, edge -5.0%, 111s to close",won,2.47,2026-04-10T16:40:00+00:00,5m,0,0.0000,
2026-04-10T16:38:08.007810+00:00,eth-updown-5m-1775838900,"Ethereum Up or Down - April 10, 12:35PM-12:40PM ET",updown,NO,0.7850,1.32,0.33,"ETH implied DOWN at 22%, edge -5.0%, 111s to close",won,1.68,2026-04-10T16:40:00+00:00,5m,0,0.0000,
2026-04-10T16:38:08.007908+00:00,xrp-updown-5m-1775838900,"XRP Up or Down - April 10, 12:35PM-12:40PM ET",updown,NO,0.6850,1.19,0.33,"XRP implied DOWN at 32%, edge -5.0%, 111s to close",won,1.74,2026-04-10T16:40:00+00:00,5m,0,0.0000,
2026-04-10T16:38:08.007991+00:00,btc-updown-5m-1775838900,"Bitcoin Up or Down - April 10, 12:35PM-12:40PM ET",updown,NO,0.6950,1.07,0.33,"BTC implied DOWN at 30%, edge -5.0%, 111s to close",won,1.54,2026-04-10T16:40:00+00:00,5m,0,0.0000,
2026-04-10T16:38:08.008066+00:00,bnb-updown-5m-1775838900,"BNB Up or Down - April 10, 12:35PM-12:40PM ET",updown,NO,0.5750,1.00,0.33,"BNB implied DOWN at 42%, edge -5.0%, 111s to close",won,1.74,2026-04-10T16:40:00+00:00,5m,0,0.0000,
2026-04-10T16:43:08.105807+00:00,xrp-updown-15m-1775838600,"XRP Up or Down - April 10, 12:30PM-12:45PM ET",updown,NO,0.7700,1.81,0.33,"XRP implied DOWN at 23%, edge -5.0%, 111s to close",won,2.35,2026-04-10T16:45:00+00:00,5m,0,0.0000,
2026-04-10T16:43:08.105933+00:00,sol-updown-5m-1775839200,"Solana Up or Down - April 10, 12:40PM-12:45PM ET",updown,YES,0.5050,1.63,0.33,"SOL implied UP at 50%, edge +5.0%, 111s to close",lost,0.00,2026-04-10T16:45:00+00:00,5m,0,0.0000,
2026-04-10T16:43:08.106011+00:00,bnb-updown-5m-1775839200,"BNB Up or Down - April 10, 12:40PM-12:45PM ET",updown,NO,0.5150,1.46,0.33,"BNB implied DOWN at 48%, edge -5.0%, 111s to close",won,2.84,2026-04-10T16:45:00+00:00,5m,0,0.0000,
2026-04-10T16:43:08.106081+00:00,eth-updown-15m-1775838600,"Ethereum Up or Down - April 10, 12:30PM-12:45PM ET",updown,NO,0.8650,1.32,0.23,"ETH implied DOWN at 14%, edge -3.5%, 111s to close",won,1.52,2026-04-10T16:45:00+00:00,5m,0,0.0000,
2026-04-10T16:43:08.106157+00:00,hype-updown-5m-1775839200,"Hyperliquid Up or Down - April 10, 12:40PM-12:45PM ET",updown,NO,0.7250,1.19,0.33,"HYPE implied DOWN at 28%, edge -5.0%, 111s to close",won,1.64,2026-04-10T16:45:00+00:00,5m,0,0.0000,
2026-04-10T16:43:08.106227+00:00,doge-updown-5m-1775839200,"Dogecoin Up or Down - April 10, 12:40PM-12:45PM ET",updown,YES,0.5100,1.07,0.33,"DOGE implied UP at 51%, edge +5.0%, 111s to close",lost,0.00,2026-04-10T16:45:00+00:00,5m,0,0.0000,
2026-04-10T16:43:08.106299+00:00,btc-updown-5m-1775839200,"Bitcoin Up or Down - April 10, 12:40PM-12:45PM ET",updown,NO,0.5100,1.00,0.33,"BTC implied DOWN at 49%, edge -5.0%, 111s to close",lost,0.00,2026-04-10T16:45:00+00:00,5m,0,0.0000,
2026-04-10T16:43:08.106366+00:00,eth-updown-5m-1775839200,"Ethereum Up or Down - April 10, 12:40PM-12:45PM ET",updown,YES,0.5050,1.00,0.33,"ETH implied UP at 50%, edge +5.0%, 111s to close",lost,0.00,2026-04-10T16:45:00+00:00,5m,0,0.0000,
2026-04-10T16:43:08.106438+00:00,btc-updown-15m-1775838600,"Bitcoin Up or Down - April 10, 12:30PM-12:45PM ET",updown,NO,0.7150,1.00,0.33,"BTC implied DOWN at 28%, edge -5.0%, 111s to close",won,1.40,2026-04-10T16:45:00+00:00,5m,0,0.0000,
2026-04-10T16:48:08.088170+00:00,eth-updown-5m-1775839500,"Ethereum Up or Down - April 10, 12:45PM-12:50PM ET",updown,YES,0.6050,2.02,0.33,"ETH implied UP at 60%, edge +5.0%, 111s to close",won,3.33,2026-04-10T16:50:00+00:00,5m,0,0.0000,
2026-04-10T16:48:08.091257+00:00,sol-updown-5m-1775839500,"Solana Up or Down - April 10, 12:45PM-12:50PM ET",updown,YES,0.5450,1.81,0.33,"SOL implied UP at 55%, edge +5.0%, 111s to close",won,3.33,2026-04-10T16:50:00+00:00,5m,0,0.0000,
2026-04-10T16:48:08.091420+00:00,bnb-updown-5m-1775839500,"BNB Up or Down - April 10, 12:45PM-12:50PM ET",updown,NO,0.5850,1.63,0.33,"BNB implied DOWN at 42%, edge -5.0%, 111s to close",lost,0.00,2026-04-10T16:50:00+00:00,5m,0,0.0000,
2026-04-10T16:48:08.091512+00:00,xrp-updown-5m-1775839500,"XRP Up or Down - April 10, 12:45PM-12:50PM ET",updown,YES,0.6650,1.47,0.33,"XRP implied UP at 66%, edge +5.0%, 111s to close",won,2.21,2026-04-10T16:50:00+00:00,5m,0,0.0000,
2026-04-10T16:48:08.091589+00:00,doge-updown-5m-1775839500,"Dogecoin Up or Down - April 10, 12:45PM-12:50PM ET",updown,YES,0.6250,1.32,0.33,"DOGE implied UP at 62%, edge +5.0%, 111s to close",won,2.12,2026-04-10T16:50:00+00:00,5m,0,0.0000,
2026-04-10T16:48:08.091659+00:00,btc-updown-5m-1775839500,"Bitcoin Up or Down - April 10, 12:45PM-12:50PM ET",updown,YES,0.5150,1.19,0.33,"BTC implied UP at 52%, edge +5.0%, 111s to close",won,2.31,2026-04-10T16:50:00+00:00,5m,0,0.0000,
2026-04-10T16:53:07.140497+00:00,sol-updown-5m-1775839800,"Solana Up or Down - April 10, 12:50PM-12:55PM ET",updown,YES,0.5050,2.71,0.33,"SOL implied UP at 50%, edge +5.0%, 112s to close",won,5.36,2026-04-10T16:55:00+00:00,5m,0,0.0000,
2026-04-10T16:53:07.140843+00:00,eth-updown-5m-1775839800,"Ethereum Up or Down - April 10, 12:50PM-12:55PM ET",updown,NO,0.5100,2.44,0.33,"ETH implied DOWN at 49%, edge -5.0%, 112s to close",lost,0.00,2026-04-10T16:55:00+00:00,5m,0,0.0000,
2026-04-10T16:53:07.141090+00:00,hype-updown-5m-1775839800,"Hyperliquid Up or Down - April 10, 12:50PM-12:55PM ET",updown,YES,0.5150,2.19,0.33,"HYPE implied UP at 52%, edge +5.0%, 112s to close",won,4.26,2026-04-10T16:55:00+00:00,5m,0,0.0000,
2026-04-10T16:53:07.141169+00:00,xrp-updown-5m-1775839800,"XRP Up or Down - April 10, 12:50PM-12:55PM ET",updown,YES,0.5250,1.97,0.33,"XRP implied UP at 52%, edge +5.0%, 112s to close",won,3.76,2026-04-10T16:55:00+00:00,5m,0,0.0000,
2026-04-10T16:53:07.141241+00:00,btc-updown-5m-1775839800,"Bitcoin Up or Down - April 10, 12:50PM-12:55PM ET",updown,NO,0.5150,1.78,0.33,"BTC implied DOWN at 48%, edge -5.0%, 112s to close",lost,0.00,2026-04-10T16:55:00+00:00,5m,0,0.0000,
2026-04-10T16:58:05.472069+00:00,sol-updown-5m-1775840100,"Solana Up or Down - April 10, 12:55PM-1:00PM ET",updown,YES,0.5050,2.57,0.33,"SOL implied UP at 50%, edge +5.0%, 114s to close",won,5.08,2026-04-10T17:00:00+00:00,5m,0,0.0000,
2026-04-10T16:58:05.472437+00:00,btc-updown-5m-1775840100,"Bitcoin Up or Down - April 10, 12:55PM-1:00PM ET",updown,YES,0.5050,2.31,0.33,"BTC implied UP at 50%, edge +5.0%, 114s to close",won,4.58,2026-04-10T17:00:00+00:00,5m,0,0.0000,
2026-04-10T16:58:05.472530+00:00,xrp-updown-5m-1775840100,"XRP Up or Down - April 10, 12:55PM-1:00PM ET",updown,YES,0.5650,2.08,0.33,"XRP implied UP at 56%, edge +5.0%, 114s to close",won,3.68,2026-04-10T17:00:00+00:00,5m,0,0.0000,
2026-04-10T16:58:05.472601+00:00,bnb-updown-5m-1775840100,"BNB Up or Down - April 10, 12:55PM-1:00PM ET",updown,YES,0.5050,1.87,0.33,"BNB implied UP at 50%, edge +5.0%, 114s to close",won,3.71,2026-04-10T17:00:00+00:00,5m,0,0.0000,
2026-04-10T16:58:05.472668+00:00,doge-updown-5m-1775840100,"Dogecoin Up or Down - April 10, 12:55PM-1:00PM ET",updown,YES,0.5200,1.68,0.33,"DOGE implied UP at 52%, edge +5.0%, 114s to close",won,3.24,2026-04-10T17:00:00+00:00,5m,0,0.0000,
2026-04-10T16:58:05.472727+00:00,eth-updown-5m-1775840100,"Ethereum Up or Down - April 10, 12:55PM-1:00PM ET",updown,YES,0.6250,1.52,0.33,"ETH implied UP at 62%, edge +5.0%, 114s to close",won,2.43,2026-04-10T17:00:00+00:00,5m,0,0.0000,
2026-04-10T16:59:54.876557+00:00,hype-updown-5m-1775840100,"Hyperliquid Up or Down - April 10, 12:55PM-1:00PM ET",updown,YES,0.8300,1.36,0.33,"HYPE implied UP at 83%, edge +5.0%, 5s to close",won,1.64,2026-04-10T17:00:00+00:00,5m,0,0.0000,
2026-04-10T17:03:08.939226+00:00,btc-updown-5m-1775840400,"Bitcoin Up or Down - April 10, 1:00PM-1:05PM ET",updown,NO,0.6650,2.89,0.33,"BTC implied DOWN at 34%, edge -5.0%, 111s to close",won,4.34,2026-04-10T17:05:00+00:00,5m,0,0.0000,
2026-04-10T17:03:08.941937+00:00,eth-updown-5m-1775840400,"Ethereum Up or Down - April 10, 1:00PM-1:05PM ET",updown,NO,0.5650,2.60,0.33,"ETH implied DOWN at 44%, edge -5.0%, 111s to close",won,4.60,2026-04-10T17:05:00+00:00,5m,0,0.0000,
2026-04-10T17:03:08.942101+00:00,sol-updown-5m-1775840400,"Solana Up or Down - April 10, 1:00PM-1:05PM ET",updown,NO,0.6650,2.34,0.33,"SOL implied DOWN at 34%, edge -5.0%, 111s to close",won,3.52,2026-04-10T17:05:00+00:00,5m,0,0.0000,
2026-04-10T17:03:08.942177+00:00,xrp-updown-5m-1775840400,"XRP Up or Down - April 10, 1:00PM-1:05PM ET",updown,NO,0.6750,2.11,0.33,"XRP implied DOWN at 32%, edge -5.0%, 111s to close",won,3.12,2026-04-10T17:05:00+00:00,5m,0,0.0000,
2026-04-10T17:03:08.942254+00:00,bnb-updown-5m-1775840400,"BNB Up or Down - April 10, 1:00PM-1:05PM ET",updown,YES,0.5350,1.90,0.33,"BNB implied UP at 54%, edge +5.0%, 111s to close",lost,0.00,2026-04-10T17:05:00+00:00,5m,0,0.0000,
2026-04-10T17:03:08.942337+00:00,hype-updown-5m-1775840400,"Hyperliquid Up or Down - April 10, 1:00PM-1:05PM ET",updown,NO,0.7950,1.71,0.33,"HYPE implied DOWN at 20%, edge -5.0%, 111s to close",won,2.15,2026-04-10T17:05:00+00:00,5m,0,0.0000,
2026-04-10T17:03:08.942412+00:00,doge-updown-5m-1775840400,"Dogecoin Up or Down - April 10, 1:00PM-1:05PM ET",updown,NO,0.6350,1.54,0.33,"DOGE implied DOWN at 36%, edge -5.0%, 111s to close",lost,0.00,2026-04-10T17:05:00+00:00,5m,0,0.0000,
2026-04-10T17:08:12.340434+00:00,xrp-updown-5m-1775840700,"XRP Up or Down - April 10, 1:05PM-1:10PM ET",updown,YES,0.5850,4.08,0.33,"XRP implied UP at 58%, edge +5.0%, 107s to close",won,6.98,2026-04-10T17:10:00+00:00,5m,0,0.0000,
2026-04-10T17:08:12.340632+00:00,bnb-updown-5m-1775840700,"BNB Up or Down - April 10, 1:05PM-1:10PM ET",updown,YES,0.6000,3.67,0.33,"BNB implied UP at 60%, edge +5.0%, 107s to close",won,6.12,2026-04-10T17:10:00+00:00,5m,0,0.0000,
2026-04-10T17:08:12.340802+00:00,sol-updown-5m-1775840700,"Solana Up or Down - April 10, 1:05PM-1:10PM ET",updown,NO,0.5750,3.31,0.33,"SOL implied DOWN at 42%, edge -5.0%, 107s to close",won,5.75,2026-04-10T17:10:00+00:00,5m,0,0.0000,
2026-04-10T17:08:12.340927+00:00,doge-updown-5m-1775840700,"Dogecoin Up or Down - April 10, 1:05PM-1:10PM ET",updown,NO,0.6450,2.98,0.33,"DOGE implied DOWN at 36%, edge -5.0%, 107s to close",lost,0.00,2026-04-10T17:10:00+00:00,5m,0,0.0000,
2026-04-10T17:08:12.341032+00:00,hype-updown-5m-1775840700,"Hyperliquid Up or Down - April 10, 1:05PM-1:10PM ET",updown,YES,0.6600,2.68,0.33,"HYPE implied UP at 66%, edge +5.0%, 107s to close",won,4.06,2026-04-10T17:10:00+00:00,5m,0,0.0000,
2026-04-10T17:08:12.341118+00:00,btc-updown-5m-1775840700,"Bitcoin Up or Down - April 10, 1:05PM-1:10PM ET",updown,NO,0.6150,2.41,0.33,"BTC implied DOWN at 38%, edge -5.0%, 107s to close",lost,0.00,2026-04-10T17:10:00+00:00,5m,0,0.0000,
2026-04-10T17:08:12.341192+00:00,eth-updown-5m-1775840700,"Ethereum Up or Down - April 10, 1:05PM-1:10PM ET",updown,YES,0.6450,2.17,0.33,"ETH implied UP at 64%, edge +5.0%, 107s to close",won,3.36,2026-04-10T17:10:00+00:00,5m,0,0.0000,
2026-04-10T17:13:12.864014+00:00,xrp-updown-5m-1775841000,"XRP Up or Down - April 10, 1:10PM-1:15PM ET",updown,NO,0.6350,3.18,0.33,"XRP implied DOWN at 36%, edge -5.0%, 107s to close",won,5.00,2026-04-10T17:15:00+00:00,5m,0,0.0000,
2026-04-10T17:13:12.864188+00:00,sol-updown-5m-1775841000,"Solana Up or Down - April 10, 1:10PM-1:15PM ET",updown,NO,0.7650,2.86,0.33,"SOL implied DOWN at 24%, edge -5.0%, 107s to close",lost,0.00,2026-04-10T17:15:00+00:00,5m,0,0.0000,
2026-04-10T17:13:12.864266+00:00,xrp-updown-15m-1775840400,"XRP Up or Down - April 10, 1:00PM-1:15PM ET",updown,YES,0.7700,2.57,0.33,"XRP implied UP at 77%, edge +5.0%, 107s to close",won,3.34,2026-04-10T17:15:00+00:00,5m,0,0.0000,
2026-04-10T17:13:12.864343+00:00,eth-updown-5m-1775841000,"Ethereum Up or Down - April 10, 1:10PM-1:15PM ET",updown,NO,0.7250,2.32,0.33,"ETH implied DOWN at 28%, edge -5.0%, 107s to close",won,3.19,2026-04-10T17:15:00+00:00,5m,0,0.0000,
2026-04-10T17:13:12.864409+00:00,bnb-updown-5m-1775841000,"BNB Up or Down - April 10, 1:10PM-1:15PM ET",updown,NO,0.6400,2.08,0.33,"BNB implied DOWN at 36%, edge -5.0%, 107s to close",won,3.26,2026-04-10T17:15:00+00:00,5m,0,0.0000,
2026-04-10T17:13:12.864474+00:00,eth-updown-15m-1775840400,"Ethereum Up or Down - April 10, 1:00PM-1:15PM ET",updown,NO,0.8450,1.88,0.33,"ETH implied DOWN at 16%, edge -5.0%, 107s to close",won,2.22,2026-04-10T17:15:00+00:00,5m,0,0.0000,
2026-04-10T17:13:12.864544+00:00,doge-updown-5m-1775841000,"Dogecoin Up or Down - April 10, 1:10PM-1:15PM ET",updown,NO,0.6800,1.69,0.33,"DOGE implied DOWN at 32%, edge -5.0%, 107s to close",won,2.48,2026-04-10T17:15:00+00:00,5m,0,0.0000,
2026-04-10T17:13:12.864646+00:00,btc-updown-5m-1775841000,"Bitcoin Up or Down - April 10, 1:10PM-1:15PM ET",updown,NO,0.7050,1.52,0.33,"BTC implied DOWN at 30%, edge -5.0%, 107s to close",won,2.16,2026-04-10T17:15:00+00:00,5m,0,0.0000,
2026-04-10T17:18:08.758927+00:00,btc-updown-5m-1775841300,"Bitcoin Up or Down - April 10, 1:15PM-1:20PM ET",updown,NO,0.7750,4.22,0.33,"BTC implied DOWN at 22%, edge -5.0%, 111s to close",lost,0.00,2026-04-10T17:20:00+00:00,5m,0,0.0000,
2026-04-10T17:18:08.759169+00:00,xrp-updown-5m-1775841300,"XRP Up or Down - April 10, 1:15PM-1:20PM ET",updown,NO,0.6050,3.80,0.33,"XRP implied DOWN at 40%, edge -5.0%, 111s to close",lost,0.00,2026-04-10T17:20:00+00:00,5m,0,0.0000,
2026-04-10T17:18:08.759358+00:00,doge-updown-5m-1775841300,"Dogecoin Up or Down - April 10, 1:15PM-1:20PM ET",updown,NO,0.5950,3.42,0.33,"DOGE implied DOWN at 40%, edge -5.0%, 111s to close",lost,0.00,2026-04-10T17:20:00+00:00,5m,0,0.0000,
2026-04-10T17:18:08.759459+00:00,bnb-updown-5m-1775841300,"BNB Up or Down - April 10, 1:15PM-1:20PM ET",updown,NO,0.5950,3.08,0.33,"BNB implied DOWN at 40%, edge -5.0%, 111s to close",lost,0.00,2026-04-10T17:20:00+00:00,5m,0,0.0000,
2026-04-10T17:18:08.759542+00:00,sol-updown-5m-1775841300,"Solana Up or Down - April 10, 1:15PM-1:20PM ET",updown,NO,0.7550,2.77,0.33,"SOL implied DOWN at 24%, edge -5.0%, 111s to close",lost,0.00,2026-04-10T17:20:00+00:00,5m,0,0.0000,
2026-04-10T17:18:08.759609+00:00,eth-updown-5m-1775841300,"Ethereum Up or Down - April 10, 1:15PM-1:20PM ET",updown,NO,0.7250,2.49,0.33,"ETH implied DOWN at 28%, edge -5.0%, 111s to close",lost,0.00,2026-04-10T17:20:00+00:00,5m,0,0.0000,
2026-04-10T17:23:02.477291+00:00,eth-updown-5m-1775841600,"Ethereum Up or Down - April 10, 1:20PM-1:25PM ET",updown,NO,0.5050,3.61,0.33,"ETH implied DOWN at 50%, edge -5.0%, 117s to close",lost,0.00,2026-04-10T17:25:00+00:00,5m,0,0.0000,
2026-04-10T17:23:02.480728+00:00,hype-updown-5m-1775841600,"Hyperliquid Up or Down - April 10, 1:20PM-1:25PM ET",updown,NO,0.5200,3.25,0.33,"HYPE implied DOWN at 48%, edge -5.0%, 117s to close",lost,0.00,2026-04-10T17:25:00+00:00,5m,0,0.0000,
2026-04-10T17:23:02.480914+00:00,doge-updown-5m-1775841600,"Dogecoin Up or Down - April 10, 1:20PM-1:25PM ET",updown,NO,0.5100,2.92,0.33,"DOGE implied DOWN at 49%, edge -5.0%, 117s to close",won,5.73,2026-04-10T17:25:00+00:00,5m,0,0.0000,
2026-04-10T17:23:02.481000+00:00,xrp-updown-5m-1775841600,"XRP Up or Down - April 10, 1:20PM-1:25PM ET",updown,NO,0.5150,2.63,0.33,"XRP implied DOWN at 48%, edge -5.0%, 117s to close",won,5.10,2026-04-10T17:25:00+00:00,5m,0,0.0000,
2026-04-10T17:23:02.481085+00:00,sol-updown-5m-1775841600,"Solana Up or Down - April 10, 1:20PM-1:25PM ET",updown,NO,0.5150,2.37,0.33,"SOL implied DOWN at 48%, edge -5.0%, 117s to close",won,4.59,2026-04-10T17:25:00+00:00,5m,0,0.0000,
2026-04-10T17:23:02.481161+00:00,btc-updown-5m-1775841600,"Bitcoin Up or Down - April 10, 1:20PM-1:25PM ET",updown,NO,0.5150,2.13,0.33,"BTC implied DOWN at 48%, edge -5.0%, 117s to close",lost,0.00,2026-04-10T17:25:00+00:00,5m,0,0.0000,
2026-04-10T17:23:02.481235+00:00,bnb-updown-5m-1775841600,"BNB Up or Down - April 10, 1:20PM-1:25PM ET",updown,YES,0.6600,1.92,0.33,"BNB implied UP at 66%, edge +5.0%, 117s to close",won,2.90,2026-04-10T17:25:00+00:00,5m,0,0.0000,
2026-04-10T17:28:04.484494+00:00,eth-updown-5m-1775841900,"Ethereum Up or Down - April 10, 1:25PM-1:30PM ET",updown,NO,0.5750,1.72,0.33,"ETH implied DOWN at 42%, edge -5.0%, 115s to close",lost,0.00,2026-04-10T17:30:00+00:00,5m,0,0.0000,
2026-04-10T17:28:04.490073+00:00,doge-updown-5m-1775841900,"Dogecoin Up or Down - April 10, 1:25PM-1:30PM ET",updown,YES,0.5150,1.55,0.33,"DOGE implied UP at 52%, edge +5.0%, 115s to close",lost,0.00,2026-04-10T17:30:00+00:00,5m,0,0.0000,
2026-04-10T17:28:04.490220+00:00,btc-updown-15m-1775841300,"Bitcoin Up or Down - April 10, 1:15PM-1:30PM ET",updown,YES,0.7850,1.40,0.33,"BTC implied UP at 78%, edge +5.0%, 115s to close",won,1.78,2026-04-10T17:30:00+00:00,5m,0,0.0000,
2026-04-10T17:28:04.490298+00:00,sol-updown-5m-1775841900,"Solana Up or Down - April 10, 1:25PM-1:30PM ET",updown,NO,0.6350,1.26,0.33,"SOL implied DOWN at 36%, edge -5.0%, 115s to close",won,1.98,2026-04-10T17:30:00+00:00,5m,0,0.0000,
2026-04-10T17:28:04.490435+00:00,sol-updown-15m-1775841300,"Solana Up or Down - April 10, 1:15PM-1:30PM ET",updown,YES,0.6750,1.13,0.33,"SOL implied UP at 68%, edge +5.0%, 115s to close",lost,0.00,2026-04-10T17:30:00+00:00,5m,0,0.0000,
2026-04-10T17:28:04.490512+00:00,bnb-updown-5m-1775841900,"BNB Up or Down - April 10, 1:25PM-1:30PM ET",updown,NO,0.5250,1.02,0.33,"BNB implied DOWN at 48%, edge -5.0%, 115s to close",lost,0.00,2026-04-10T17:30:00+00:00,5m,0,0.0000,
2026-04-10T17:28:04.490590+00:00,xrp-updown-5m-1775841900,"XRP Up or Down - April 10, 1:25PM-1:30PM ET",updown,NO,0.6150,1.00,0.33,"XRP implied DOWN at 38%, edge -5.0%, 115s to close",lost,0.00,2026-04-10T17:30:00+00:00,5m,0,0.0000,
2026-04-10T17:28:04.490665+00:00,xrp-updown-15m-1775841300,"XRP Up or Down - April 10, 1:15PM-1:30PM ET",updown,NO,0.6750,1.00,0.33,"XRP implied DOWN at 32%, edge -5.0%, 115s to close",lost,0.00,2026-04-10T17:30:00+00:00,5m,0,0.0000,
2026-04-10T17:28:04.490741+00:00,eth-updown-15m-1775841300,"Ethereum Up or Down - April 10, 1:15PM-1:30PM ET",updown,YES,0.6450,1.00,0.33,"ETH implied UP at 64%, edge +5.0%, 115s to close",won,1.55,2026-04-10T17:30:00+00:00,5m,0,0.0000,
2026-04-10T17:28:04.490814+00:00,btc-updown-5m-1775841900,"Bitcoin Up or Down - April 10, 1:25PM-1:30PM ET",updown,NO,0.6150,1.00,0.33,"BTC implied DOWN at 38%, edge -5.0%, 115s to close",lost,0.00,2026-04-10T17:30:00+00:00,5m,0,0.0000,
2026-04-10T17:33:04.250676+00:00,btc-updown-5m-1775842200,"Bitcoin Up or Down - April 10, 1:30PM-1:35PM ET",updown,YES,0.5050,2.35,0.33,"BTC implied UP at 50%, edge +5.0%, 115s to close",lost,0.00,2026-04-10T17:35:00+00:00,5m,0,0.0000,
2026-04-10T17:33:04.255928+00:00,xrp-updown-5m-1775842200,"XRP Up or Down - April 10, 1:30PM-1:35PM ET",updown,NO,0.5050,2.11,0.33,"XRP implied DOWN at 50%, edge -5.0%, 115s to close",won,4.19,2026-04-10T17:35:00+00:00,5m,0,0.0000,
2026-04-10T17:33:04.256090+00:00,doge-updown-5m-1775842200,"Dogecoin Up or Down - April 10, 1:30PM-1:35PM ET",updown,NO,0.5150,1.90,0.33,"DOGE implied DOWN at 48%, edge -5.0%, 115s to close",won,3.70,2026-04-10T17:35:00+00:00,5m,0,0.0000,
2026-04-10T17:33:04.256179+00:00,sol-updown-5m-1775842200,"Solana Up or Down - April 10, 1:30PM-1:35PM ET",updown,NO,0.6850,1.71,0.33,"SOL implied DOWN at 32%, edge -5.0%, 115s to close",won,2.50,2026-04-10T17:35:00+00:00,5m,0,0.0000,
2026-04-10T17:33:04.256265+00:00,bnb-updown-5m-1775842200,"BNB Up or Down - April 10, 1:30PM-1:35PM ET",updown,YES,0.6300,1.54,0.33,"BNB implied UP at 63%, edge +5.0%, 115s to close",won,2.45,2026-04-10T17:35:00+00:00,5m,0,0.0000,
2026-04-10T17:33:04.256417+00:00,eth-updown-5m-1775842200,"Ethereum Up or Down - April 10, 1:30PM-1:35PM ET",updown,NO,0.6850,1.39,0.33,"ETH implied DOWN at 32%, edge -5.0%, 115s to close",won,2.03,2026-04-10T17:35:00+00:00,5m,0,0.0000,
2026-04-10T17:38:11.430600+00:00,xrp-updown-5m-1775842500,"XRP Up or Down - April 10, 1:35PM-1:40PM ET",updown,NO,0.8350,1.78,0.33,"XRP implied DOWN at 16%, edge -5.0%, 108s to close",won,2.13,2026-04-10T17:40:00+00:00,5m,0,0.0000,
2026-04-10T17:38:11.433864+00:00,bnb-updown-5m-1775842500,"BNB Up or Down - April 10, 1:35PM-1:40PM ET",updown,NO,0.7250,1.60,0.33,"BNB implied DOWN at 28%, edge -5.0%, 108s to close",won,2.21,2026-04-10T17:40:00+00:00,5m,0,0.0000,
2026-04-10T17:38:11.434019+00:00,eth-updown-5m-1775842500,"Ethereum Up or Down - April 10, 1:35PM-1:40PM ET",updown,YES,0.5350,1.44,0.33,"ETH implied UP at 54%, edge +5.0%, 108s to close",won,2.69,2026-04-10T17:40:00+00:00,5m,0,0.0000,
2026-04-10T17:38:11.434123+00:00,doge-updown-5m-1775842500,"Dogecoin Up or Down - April 10, 1:35PM-1:40PM ET",updown,YES,0.5150,1.30,0.33,"DOGE implied UP at 52%, edge +5.0%, 108s to close",lost,0.00,2026-04-10T17:40:00+00:00,5m,0,0.0000,
2026-04-10T17:38:11.434189+00:00,sol-updown-5m-1775842500,"Solana Up or Down - April 10, 1:35PM-1:40PM ET",updown,NO,0.5650,1.17,0.33,"SOL implied DOWN at 44%, edge -5.0%, 108s to close",won,2.07,2026-04-10T17:40:00+00:00,5m,0,0.0000,
2026-04-10T17:38:11.434272+00:00,btc-updown-5m-1775842500,"Bitcoin Up or Down - April 10, 1:35PM-1:40PM ET",updown,NO,0.6150,1.05,0.33,"BTC implied DOWN at 38%, edge -5.0%, 108s to close",lost,0.00,2026-04-10T17:40:00+00:00,5m,0,0.0000,
2026-04-10T17:43:04.235713+00:00,eth-updown-5m-1775842800,"Ethereum Up or Down - April 10, 1:40PM-1:45PM ET",updown,NO,0.7450,2.43,0.33,"ETH implied DOWN at 26%, edge -5.0%, 115s to close",lost,0.00,2026-04-10T17:45:00+00:00,5m,0,0.0000,
2026-04-10T17:43:04.238673+00:00,btc-updown-5m-1775842800,"Bitcoin Up or Down - April 10, 1:40PM-1:45PM ET",updown,NO,0.7350,2.19,0.33,"BTC implied DOWN at 26%, edge -5.0%, 115s to close",lost,0.00,2026-04-10T17:45:00+00:00,5m,0,0.0000,
2026-04-10T17:43:04.238837+00:00,bnb-updown-5m-1775842800,"BNB Up or Down - April 10, 1:40PM-1:45PM ET",updown,NO,0.7400,1.97,0.33,"BNB implied DOWN at 26%, edge -5.0%, 115s to close",won,2.66,2026-04-10T17:45:00+00:00,5m,0,0.0000,
2026-04-10T17:43:04.238917+00:00,xrp-updown-5m-1775842800,"XRP Up or Down - April 10, 1:40PM-1:45PM ET",updown,NO,0.6950,1.77,0.33,"XRP implied DOWN at 30%, edge -5.0%, 115s to close",lost,0.00,2026-04-10T17:45:00+00:00,5m,0,0.0000,
2026-04-10T17:43:04.238996+00:00,doge-updown-5m-1775842800,"Dogecoin Up or Down - April 10, 1:40PM-1:45PM ET",updown,NO,0.7800,1.60,0.33,"DOGE implied DOWN at 22%, edge -5.0%, 115s to close",lost,0.00,2026-04-10T17:45:00+00:00,5m,0,0.0000,
2026-04-10T17:43:04.239070+00:00,sol-updown-5m-1775842800,"Solana Up or Down - April 10, 1:40PM-1:45PM ET",updown,NO,0.8350,1.44,0.33,"SOL implied DOWN at 16%, edge -5.0%, 115s to close",won,1.72,2026-04-10T17:45:00+00:00,5m,0,0.0000,
2026-04-10T17:43:38.464618+00:00,hype-updown-5m-1775842800,"Hyperliquid Up or Down - April 10, 1:40PM-1:45PM ET",updown,YES,0.8650,1.29,0.23,"HYPE implied UP at 86%, edge +3.5%, 81s to close",won,1.49,2026-04-10T17:45:00+00:00,5m,0,0.0000,
2026-04-10T17:44:37.542130+00:00,sol-updown-15m-1775842200,"Solana Up or Down - April 10, 1:30PM-1:45PM ET",updown,NO,0.8550,1.38,0.30,"SOL implied DOWN at 14%, edge -4.5%, 22s to close",won,1.61,2026-04-10T17:45:00+00:00,5m,0,0.0000,
2026-04-10T17:48:01.854490+00:00,doge-updown-5m-1775843100,"Dogecoin Up or Down - April 10, 1:45PM-1:50PM ET",updown,NO,0.6900,1.94,0.33,"DOGE implied DOWN at 31%, edge -5.0%, 118s to close",won,2.81,2026-04-10T17:50:00+00:00,5m,0,0.0000,
2026-04-10T17:48:01.854675+00:00,sol-updown-5m-1775843100,"Solana Up or Down - April 10, 1:45PM-1:50PM ET",updown,YES,0.5950,1.74,0.33,"SOL implied UP at 60%, edge +5.0%, 118s to close",won,2.92,2026-04-10T17:50:00+00:00,5m,0,0.0000,
2026-04-10T17:48:01.854752+00:00,bnb-updown-5m-1775843100,"BNB Up or Down - April 10, 1:45PM-1:50PM ET",updown,YES,0.6300,1.57,0.33,"BNB implied UP at 63%, edge +5.0%, 118s to close",won,2.49,2026-04-10T17:50:00+00:00,5m,0,0.0000,
2026-04-10T17:48:01.854824+00:00,btc-updown-5m-1775843100,"Bitcoin Up or Down - April 10, 1:45PM-1:50PM ET",updown,YES,0.5150,1.41,0.33,"BTC implied UP at 52%, edge +5.0%, 118s to close",won,2.74,2026-04-10T17:50:00+00:00,5m,0,0.0000,
2026-04-10T17:48:01.854895+00:00,xrp-updown-5m-1775843100,"XRP Up or Down - April 10, 1:45PM-1:50PM ET",updown,YES,0.5100,1.27,0.33,"XRP implied UP at 51%, edge +5.0%, 118s to close",won,2.49,2026-04-10T17:50:00+00:00,5m,0,0.0000,
2026-04-10T17:48:01.854962+00:00,eth-updown-5m-1775843100,"Ethereum Up or Down - April 10, 1:45PM-1:50PM ET",updown,NO,0.5450,1.14,0.33,"ETH implied DOWN at 46%, edge -5.0%, 118s to close",lost,0.00,2026-04-10T17:50:00+00:00,5m,0,0.0000,
2026-04-10T18:09:11.701574+00:00,hype-updown-5m-1775844300,"Hyperliquid Up or Down - April 10, 2:05PM-2:10PM ET",updown,YES,0.8200,1.90,0.22,"HYPE implied UP at 82%, edge +5.2%, 49s to close",won,2.32,2026-04-10T18:10:00+00:00,5m,0,0.0000,
2026-04-10T18:14:29.998538+00:00,btc-updown-5m-1775844600,"Bitcoin Up or Down - April 10, 2:10PM-2:15PM ET",updown,YES,0.8150,1.81,0.23,"BTC implied UP at 82%, edge +5.1%, 30s to close",won,2.22,2026-04-10T18:15:00+00:00,5m,0,0.0000,
2026-04-10T18:19:02.389754+00:00,doge-updown-5m-1775844900,"Dogecoin Up or Down - April 10, 2:15PM-2:20PM ET",updown,YES,0.8050,1.80,0.21,"DOGE implied UP at 80%, edge +5.0%, 58s to close",won,2.24,2026-04-10T18:20:00+00:00,5m,0,0.0000,
2026-04-10T18:24:02.242351+00:00,sol-updown-5m-1775845200,"Solana Up or Down - April 10, 2:20PM-2:25PM ET",updown,YES,0.8550,1.86,0.23,"SOL implied UP at 86%, edge +5.5%, 58s to close",won,2.18,2026-04-10T18:25:00+00:00,5m,0,0.0000,
2026-04-10T18:24:02.247582+00:00,bnb-updown-5m-1775845200,"BNB Up or Down - April 10, 2:20PM-2:25PM ET",updown,YES,0.8150,1.72,0.21,"BNB implied UP at 82%, edge +5.1%, 58s to close",won,2.11,2026-04-10T18:25:00+00:00,5m,0,0.0000,
2026-04-10T18:24:02.247782+00:00,eth-updown-5m-1775845200,"Ethereum Up or Down - April 10, 2:20PM-2:25PM ET",updown,YES,0.8000,1.61,0.21,"ETH implied UP at 80%, edge +5.0%, 58s to close",lost,0.00,2026-04-10T18:25:00+00:00,5m,0,0.0000,
2026-04-10T18:29:05.353615+00:00,hype-updown-5m-1775845500,"Hyperliquid Up or Down - April 10, 2:25PM-2:30PM ET",updown,NO,0.8450,1.67,0.23,"HYPE implied DOWN at 16%, edge -5.4%, 55s to close",won,1.98,2026-04-10T18:30:00+00:00,5m,0,0.0000,
2026-04-10T18:29:05.359082+00:00,btc-updown-5m-1775845500,"Bitcoin Up or Down - April 10, 2:25PM-2:30PM ET",updown,NO,0.8250,1.56,0.22,"BTC implied DOWN at 18%, edge -5.3%, 55s to close",lost,0.00,2026-04-10T18:30:00+00:00,5m,0,0.0000,
2026-04-10T18:49:10.183118+00:00,bnb-updown-5m-1775846700,"BNB Up or Down - April 10, 2:45PM-2:50PM ET",updown,YES,0.8400,1.86,0.22,"BNB implied UP at 84%, edge +5.4%, 51s to close",won,2.21,2026-04-10T18:50:00+00:00,5m,0,0.0000,
2026-04-10T18:54:08.000044+00:00,sol-updown-5m-1775847000,"Solana Up or Down - April 10, 2:50PM-2:55PM ET",updown,YES,0.8450,1.75,0.23,"SOL implied UP at 84%, edge +5.4%, 53s to close",won,2.07,2026-04-10T18:55:00+00:00,5m,0,0.0000,
2026-04-10T18:54:08.006276+00:00,eth-updown-5m-1775847000,"Ethereum Up or Down - April 10, 2:50PM-2:55PM ET",updown,YES,0.8350,1.63,0.22,"ETH implied UP at 84%, edge +5.3%, 53s to close",won,1.96,2026-04-10T18:55:00+00:00,5m,0,0.0000,
2026-04-10T18:54:08.006376+00:00,bnb-updown-5m-1775847000,"BNB Up or Down - April 10, 2:50PM-2:55PM ET",updown,YES,0.8150,1.52,0.21,"BNB implied UP at 82%, edge +5.1%, 53s to close",won,1.87,2026-04-10T18:55:00+00:00,5m,0,0.0000,
2026-04-10T18:59:48.403671+00:00,btc-updown-5m-1775847300,"Bitcoin Up or Down - April 10, 2:55PM-3:00PM ET",updown,YES,0.8650,1.96,0.41,"BTC implied UP at 86%, edge +5.6%, 12s to close",won,2.27,2026-04-10T19:00:00+00:00,5m,0,0.0000,
2026-04-10T19:04:03.181719+00:00,doge-updown-5m-1775847600,"Dogecoin Up or Down - April 10, 3:00PM-3:05PM ET",updown,YES,0.8650,1.83,0.24,"DOGE implied UP at 86%, edge +5.6%, 58s to close",won,2.12,2026-04-10T19:05:00+00:00,5m,0,0.0000,
2026-04-10T19:09:04.391131+00:00,hype-updown-5m-1775847900,"Hyperliquid Up or Down - April 10, 3:05PM-3:10PM ET",updown,NO,0.8400,1.98,0.22,"HYPE implied DOWN at 16%, edge -5.4%, 56s to close",lost,0.00,2026-04-10T19:10:00+00:00,5m,0,0.0000,
2026-04-10T19:24:10.508310+00:00,eth-updown-5m-1775848800,"Ethereum Up or Down - April 10, 3:20PM-3:25PM ET",updown,NO,0.8750,1.88,0.24,"ETH implied DOWN at 12%, edge -5.8%, 50s to close",won,2.14,2026-04-10T19:25:00+00:00,5m,0,0.0000,
2026-04-10T19:24:10.512401+00:00,btc-updown-5m-1775848800,"Bitcoin Up or Down - April 10, 3:20PM-3:25PM ET",updown,NO,0.8650,1.75,0.24,"BTC implied DOWN at 14%, edge -5.6%, 50s to close",won,2.03,2026-04-10T19:25:00+00:00,5m,0,0.0000,
2026-04-10T19:24:10.512559+00:00,hype-updown-5m-1775848800,"Hyperliquid Up or Down - April 10, 3:20PM-3:25PM ET",updown,NO,0.8350,1.63,0.22,"HYPE implied DOWN at 16%, edge -5.3%, 50s to close",won,1.95,2026-04-10T19:25:00+00:00,5m,0,0.0000,
2026-04-10T19:24:21.897276+00:00,doge-updown-5m-1775848800,"Dogecoin Up or Down - April 10, 3:20PM-3:25PM ET",updown,NO,0.8050,1.51,0.21,"DOGE implied DOWN at 20%, edge -5.0%, 39s to close",won,1.88,2026-04-10T19:25:00+00:00,5m,0,0.0000,
2026-04-10T19:29:10.237065+00:00,hype-updown-5m-1775849100,"Hyperliquid Up or Down - April 10, 3:25PM-3:30PM ET",updown,NO,0.8300,1.68,0.22,"HYPE implied DOWN at 17%, edge -5.3%, 50s to close",won,2.02,2026-04-10T19:30:00+00:00,5m,0,0.0000,
2026-04-10T19:34:11.344584+00:00,bnb-updown-5m-1775849400,"BNB Up or Down - April 10, 3:30PM-3:35PM ET",updown,NO,0.8600,1.84,0.23,"BNB implied DOWN at 14%, edge -5.6%, 49s to close",lost,0.00,2026-04-10T19:35:00+00:00,5m,0,0.0000,
2026-04-10T19:39:09.166921+00:00,bnb-updown-5m-1775849700,"BNB Up or Down - April 10, 3:35PM-3:40PM ET",updown,NO,0.8550,1.85,0.23,"BNB implied DOWN at 14%, edge -5.5%, 52s to close",won,2.16,2026-04-10T19:40:00+00:00,5m,0,0.0000,
2026-04-10T19:39:09.172262+00:00,xrp-updown-5m-1775849700,"XRP Up or Down - April 10, 3:35PM-3:40PM ET",updown,YES,0.8050,1.70,0.21,"XRP implied UP at 80%, edge +5.0%, 52s to close",lost,0.00,2026-04-10T19:40:00+00:00,5m,0,0.0000,
2026-04-10T19:54:25.965750+00:00,btc-updown-5m-1775850600,"Bitcoin Up or Down - April 10, 3:50PM-3:55PM ET",updown,YES,0.8150,1.74,0.21,"BTC implied UP at 82%, edge +5.1%, 34s to close",lost,0.00,2026-04-10T19:55:00+00:00,5m,0,0.0000,
2026-04-10T20:09:46.886598+00:00,doge-updown-5m-1775851500,"Dogecoin Up or Down - April 10, 4:05PM-4:10PM ET",updown,NO,0.8050,1.83,0.36,"DOGE implied DOWN at 20%, edge -5.0%, 13s to close",won,2.27,2026-04-10T20:10:00+00:00,5m,0,0.0000,
2026-04-10T20:14:09.910937+00:00,doge-updown-5m-1775851800,"Dogecoin Up or Down - April 10, 4:10PM-4:15PM ET",updown,NO,0.8500,1.54,0.23,"DOGE implied DOWN at 15%, edge -5.5%, 51s to close",won,1.81,2026-04-10T20:15:00+00:00,5m,0,0.0000,
2026-04-10T20:14:09.914486+00:00,hype-updown-5m-1775851800,"Hyperliquid Up or Down - April 10, 4:10PM-4:15PM ET",updown,NO,0.8250,1.43,0.22,"HYPE implied DOWN at 18%, edge -5.3%, 51s to close",won,1.74,2026-04-10T20:15:00+00:00,5m,0,0.0000,
2026-04-10T20:24:01.944065+00:00,sol-updown-5m-1775852400,"Solana Up or Down - April 10, 4:20PM-4:25PM ET",updown,NO,0.8650,1.72,0.24,"SOL implied DOWN at 14%, edge -5.6%, 59s to close",won,1.99,2026-04-10T20:25:00+00:00,5m,0,0.0000,
2026-04-10T20:24:01.949618+00:00,xrp-updown-5m-1775852400,"XRP Up or Down - April 10, 4:20PM-4:25PM ET",updown,NO,0.8150,1.59,0.21,"XRP implied DOWN at 18%, edge -5.1%, 59s to close",won,1.95,2026-04-10T20:25:00+00:00,5m,0,0.0000,
2026-04-10T20:24:01.949703+00:00,eth-updown-5m-1775852400,"Ethereum Up or Down - April 10, 4:20PM-4:25PM ET",updown,NO,0.8150,1.49,0.21,"ETH implied DOWN at 18%, edge -5.1%, 59s to close",won,1.83,2026-04-10T20:25:00+00:00,5m,0,0.0000,
2026-04-10T20:39:05.543036+00:00,eth-updown-5m-1775853300,"Ethereum Up or Down - April 10, 4:35PM-4:40PM ET",updown,NO,0.8750,1.79,0.24,"ETH implied DOWN at 12%, edge -5.8%, 56s to close",won,2.05,2026-04-10T20:40:00+00:00,5m,0,0.0000,
2026-04-10T20:39:05.549204+00:00,sol-updown-5m-1775853300,"Solana Up or Down - April 10, 4:35PM-4:40PM ET",updown,NO,0.8250,1.65,0.22,"SOL implied DOWN at 18%, edge -5.3%, 56s to close",won,2.00,2026-04-10T20:40:00+00:00,5m,0,0.0000,
2026-04-10T20:49:04.431244+00:00,sol-updown-5m-1775853900,"Solana Up or Down - April 10, 4:45PM-4:50PM ET",updown,NO,0.8550,1.81,0.23,"SOL implied DOWN at 14%, edge -5.5%, 56s to close",lost,0.00,2026-04-10T20:50:00+00:00,5m,0,0.0000,
2026-04-10T21:04:08.703323+00:00,xrp-updown-5m-1775854800,"XRP Up or Down - April 10, 5:00PM-5:05PM ET",updown,NO,0.8550,1.70,0.23,"XRP implied DOWN at 14%, edge -5.5%, 52s to close",won,1.99,2026-04-10T21:05:00+00:00,5m,0,0.0000,
2026-04-10T21:14:11.397020+00:00,bnb-updown-5m-1775855400,"BNB Up or Down - April 10, 5:10PM-5:15PM ET",updown,NO,0.8750,1.73,0.24,"BNB implied DOWN at 12%, edge -5.8%, 50s to close",won,1.98,2026-04-10T21:15:00+00:00,5m,0,0.0000,
2026-04-10T21:24:06.137502+00:00,eth-updown-5m-1775856000,"Ethereum Up or Down - April 10, 5:20PM-5:25PM ET",updown,YES,0.8050,1.71,0.21,"ETH implied UP at 80%, edge +5.0%, 55s to close",won,2.12,2026-04-10T21:25:00+00:00,5m,0,0.0000,
2026-04-10T21:29:04.697275+00:00,btc-updown-5m-1775856300,"Bitcoin Up or Down - April 10, 5:25PM-5:30PM ET",updown,NO,0.8150,1.61,0.21,"BTC implied DOWN at 18%, edge -5.1%, 56s to close",won,1.97,2026-04-10T21:30:00+00:00,5m,0,0.0000,
2026-04-10T21:34:05.592725+00:00,btc-updown-5m-1775856600,"Bitcoin Up or Down - April 10, 5:30PM-5:35PM ET",updown,NO,0.8750,1.67,0.24,"BTC implied DOWN at 12%, edge -5.8%, 55s to close",won,1.91,2026-04-10T21:35:00+00:00,5m,0,0.0000,
2026-04-10T21:39:14.679099+00:00,xrp-updown-5m-1775856900,"XRP Up or Down - April 10, 5:35PM-5:40PM ET",updown,YES,0.8650,1.80,0.24,"XRP implied UP at 86%, edge +5.6%, 45s to close, price neutral (+0.000%)",won,2.09,2026-04-10T21:40:00+00:00,5m,0,0.0000,
2026-04-10T21:44:20.406350+00:00,hype-updown-5m-1775857200,"Hyperliquid Up or Down - April 10, 5:40PM-5:45PM ET",updown,NO,0.7600,1.76,0.29,"HYPE implied DOWN at 24%, edge -6.9%, 40s to close, price confirms (-0.024%)",lost,0.00,2026-04-10T21:45:00+00:00,5m,0,0.0000,
2026-04-10T21:44:31.606891+00:00,btc-updown-5m-1775857200,"Bitcoin Up or Down - April 10, 5:40PM-5:45PM ET",updown,NO,0.8350,1.60,0.25,"BTC implied DOWN at 16%, edge -5.3%, 29s to close",lost,0.00,2026-04-10T21:45:00+00:00,5m,0,0.0000,
2026-04-10T21:49:20.243397+00:00,bnb-updown-5m-1775857500,"BNB Up or Down - April 10, 5:45PM-5:50PM ET",updown,YES,0.8100,1.58,0.21,"BNB implied UP at 81%, edge +5.1%, 40s to close",won,1.96,2026-04-10T21:50:00+00:00,5m,0,0.0000,
2026-04-10T21:49:43.370024+00:00,btc-updown-5m-1775857500,"Bitcoin Up or Down - April 10, 5:45PM-5:50PM ET",updown,YES,0.8550,1.67,0.36,"BTC implied UP at 86%, edge +5.5%, 17s to close",won,1.95,2026-04-10T21:50:00+00:00,5m,0,0.0000,
2026-04-10T22:04:08.218114+00:00,hype-updown-5m-1775858400,"Hyperliquid Up or Down - April 10, 6:00PM-6:05PM ET",updown,NO,0.8050,1.76,0.32,"HYPE implied DOWN at 20%, edge -7.6%, 53s to close, price confirms (-0.024%)",won,2.19,2026-04-10T22:05:00+00:00,5m,0,0.0000,
2026-04-10T22:09:16.154776+00:00,xrp-updown-5m-1775858700,"XRP Up or Down - April 10, 6:05PM-6:10PM ET",updown,NO,0.8350,1.53,0.22,"XRP implied DOWN at 16%, edge -5.3%, 44s to close",won,1.83,2026-04-10T22:10:00+00:00,5m,0,0.0000,
2026-04-10T22:14:05.060741+00:00,bnb-updown-5m-1775859000,"BNB Up or Down - April 10, 6:10PM-6:15PM ET",updown,YES,0.8000,1.42,0.21,"BNB implied UP at 80%, edge +5.0%, 56s to close",won,1.77,2026-04-10T22:15:00+00:00,5m,0,0.0000,
2026-04-10T22:19:05.813825+00:00,xrp-updown-5m-1775859300,"XRP Up or Down - April 10, 6:15PM-6:20PM ET",updown,NO,0.8650,1.61,0.24,"XRP implied DOWN at 14%, edge -5.6%, 55s to close, price neutral (+0.000%)",won,1.86,2026-04-10T22:20:00+00:00,5m,0,0.0000,
2026-04-10T22:19:05.814688+00:00,eth-updown-5m-1775859300,"Ethereum Up or Down - April 10, 6:15PM-6:20PM ET",updown,NO,0.8350,1.50,0.22,"ETH implied DOWN at 16%, edge -5.3%, 55s to close",won,1.79,2026-04-10T22:20:00+00:00,5m,0,0.0000,
2026-04-10T22:19:05.814789+00:00,sol-updown-5m-1775859300,"Solana Up or Down - April 10, 6:15PM-6:20PM ET",updown,NO,0.8050,1.39,0.21,"SOL implied DOWN at 20%, edge -5.0%, 55s to close",won,1.73,2026-04-10T22:20:00+00:00,5m,0,0.0000,
2026-04-10T22:24:11.195564+00:00,eth-updown-5m-1775859600,"Ethereum Up or Down - April 10, 6:20PM-6:25PM ET",updown,NO,0.8750,1.45,0.24,"ETH implied DOWN at 12%, edge -5.8%, 49s to close",won,1.66,2026-04-10T22:25:00+00:00,5m,0,0.0000,
2026-04-10T22:24:11.199338+00:00,hype-updown-5m-1775859600,"Hyperliquid Up or Down - April 10, 6:20PM-6:25PM ET",updown,NO,0.8550,1.35,0.23,"HYPE implied DOWN at 14%, edge -5.5%, 49s to close",won,1.58,2026-04-10T22:25:00+00:00,5m,0,0.0000,
2026-04-10T22:29:24.492565+00:00,hype-updown-5m-1775859900,"Hyperliquid Up or Down - April 10, 6:25PM-6:30PM ET",updown,YES,0.8350,1.59,0.22,"HYPE implied UP at 84%, edge +5.3%, 36s to close",won,1.90,2026-04-10T22:30:00+00:00,5m,0,0.0000,
2026-04-10T22:49:45.639350+00:00,xrp-updown-5m-1775861100,"XRP Up or Down - April 10, 6:45PM-6:50PM ET",updown,NO,0.8050,1.98,0.34,"XRP implied DOWN at 20%, edge -5.0%, 15s to close",won,2.46,2026-04-10T22:50:00+00:00,5m,0,0.0000,
2026-04-10T22:54:10.614031+00:00,hype-updown-5m-1775861400,"Hyperliquid Up or Down - April 10, 6:50PM-6:55PM ET",updown,YES,0.8450,1.69,0.23,"HYPE implied UP at 84%, edge +5.4%, 51s to close",won,2.00,2026-04-10T22:55:00+00:00,5m,0,0.0000,
2026-04-10T22:54:10.615080+00:00,sol-updown-5m-1775861400,"Solana Up or Down - April 10, 6:50PM-6:55PM ET",updown,YES,0.8100,1.57,0.21,"SOL implied UP at 81%, edge +5.1%, 51s to close",won,1.93,2026-04-10T22:55:00+00:00,5m,0,0.0000,
2026-04-10T22:54:10.615185+00:00,xrp-updown-5m-1775861400,"XRP Up or Down - April 10, 6:50PM-6:55PM ET",updown,YES,0.8050,1.47,0.21,"XRP implied UP at 80%, edge +5.0%, 51s to close",won,1.82,2026-04-10T22:55:00+00:00,5m,0,0.0000,
2026-04-10T22:59:16.996908+00:00,eth-updown-5m-1775861700,"Ethereum Up or Down - April 10, 6:55PM-7:00PM ET",updown,YES,0.8400,1.55,0.22,"ETH implied UP at 84%, edge +5.4%, 43s to close",won,1.84,2026-04-10T23:00:00+00:00,5m,0,0.0000,
2026-04-10T23:09:46.770863+00:00,xrp-updown-5m-1775862300,"XRP Up or Down - April 10, 7:05PM-7:10PM ET",updown,YES,0.8250,2.14,0.37,"XRP implied UP at 82%, edge +5.2%, 14s to close",lost,0.00,2026-04-10T23:10:00+00:00,5m,0,0.0000,
2026-04-10T23:14:07.952931+00:00,bnb-updown-5m-1775862600,"BNB Up or Down - April 10, 7:10PM-7:15PM ET",updown,NO,0.8450,1.90,0.30,"BNB implied DOWN at 16%, edge -7.2%, 53s to close",won,2.25,2026-04-10T23:15:00+00:00,5m,0,0.0000,
2026-04-10T23:14:07.958631+00:00,hype-updown-5m-1775862600,"Hyperliquid Up or Down - April 10, 7:10PM-7:15PM ET",updown,NO,0.8400,1.77,0.30,"HYPE implied DOWN at 16%, edge -7.1%, 53s to close",won,2.10,2026-04-10T23:15:00+00:00,5m,0,0.0000,
2026-04-10T23:14:07.958752+00:00,xrp-updown-5m-1775862600,"XRP Up or Down - April 10, 7:10PM-7:15PM ET",updown,NO,0.7350,1.57,0.23,"XRP implied DOWN at 26%, edge -5.5%, 53s to close",won,2.14,2026-04-10T23:15:00+00:00,5m,0,0.0000,
2026-04-10T23:14:19.008745+00:00,doge-updown-5m-1775862600,"Dogecoin Up or Down - April 10, 7:10PM-7:15PM ET",updown,NO,0.7300,1.47,0.23,"DOGE implied DOWN at 27%, edge -5.4%, 41s to close",won,2.01,2026-04-10T23:15:00+00:00,5m,0,0.0000,
2026-04-10T23:19:24.206932+00:00,eth-updown-5m-1775862900,"Ethereum Up or Down - April 10, 7:15PM-7:20PM ET",updown,NO,0.8450,1.75,0.30,"ETH implied DOWN at 16%, edge -7.2%, 36s to close",won,2.07,2026-04-10T23:20:00+00:00,5m,0,0.0000,
2026-04-10T23:19:41.393980+00:00,bnb-updown-5m-1775862900,"BNB Up or Down - April 10, 7:15PM-7:20PM ET",updown,NO,0.8650,1.94,0.42,"BNB implied DOWN at 14%, edge -7.5%, 18s to close",won,2.24,2026-04-10T23:20:00+00:00,5m,0,0.0000,
2026-04-10T23:19:54.263307+00:00,doge-updown-5m-1775862900,"Dogecoin Up or Down - April 10, 7:15PM-7:20PM ET",updown,NO,0.8400,2.79,0.58,"DOGE implied DOWN at 16%, edge -7.1%, 6s to close",won,3.33,2026-04-10T23:20:00+00:00,5m,0,0.0000,
2026-04-10T23:24:22.066498+00:00,sol-updown-5m-1775863200,"Solana Up or Down - April 10, 7:20PM-7:25PM ET",updown,YES,0.8750,1.78,0.31,"SOL implied UP at 88%, edge +7.5%, 43s to close",won,2.03,2026-04-10T23:25:00+00:00,5m,0,0.0000,
2026-04-10T23:24:22.071940+00:00,btc-updown-5m-1775863200,"Bitcoin Up or Down - April 10, 7:20PM-7:25PM ET",updown,YES,0.8350,1.60,0.29,"BTC implied UP at 84%, edge +7.0%, 43s to close",won,1.92,2026-04-10T23:25:00+00:00,5m,0,0.0000,
2026-04-10T23:24:22.072073+00:00,eth-updown-5m-1775863200,"Ethereum Up or Down - April 10, 7:20PM-7:25PM ET",updown,YES,0.8150,1.46,0.28,"ETH implied UP at 82%, edge +6.7%, 43s to close",won,1.79,2026-04-10T23:25:00+00:00,5m,0,0.0000,
2026-04-10T23:34:45.209827+00:00,xrp-updown-5m-1775863800,"XRP Up or Down - April 10, 7:30PM-7:35PM ET",updown,NO,0.8450,2.35,0.30,"XRP implied DOWN at 16%, edge -7.2%, 40s to close",won,2.78,2026-04-10T23:35:00+00:00,5m,0,0.0000,
2026-04-10T23:44:50.537604+00:00,bnb-updown-5m-1775864400,"BNB Up or Down - April 10, 7:40PM-7:45PM ET",updown,NO,0.7450,2.14,0.24,"BNB implied DOWN at 26%, edge -5.7%, 40s to close",won,2.88,2026-04-10T23:45:00+00:00,5m,0,0.0000,
2026-04-10T23:49:36.907248+00:00,eth-updown-5m-1775864700,"Ethereum Up or Down - April 10, 7:45PM-7:50PM ET",updown,YES,0.7750,2.07,0.26,"ETH implied UP at 78%, edge +6.1%, 44s to close",won,2.67,2026-04-10T23:50:00+00:00,5m,0,0.0000,
2026-04-10T23:50:19.118824+00:00,sol-updown-5m-1775864700,"Solana Up or Down - April 10, 7:45PM-7:50PM ET",updown,YES,0.7050,2.50,0.36,"SOL implied UP at 70%, edge +5.1%, 11s to close",won,3.55,2026-04-10T23:50:00+00:00,5m,0,0.0000,
2026-04-10T23:54:57.655111+00:00,doge-updown-5m-1775865000,"Dogecoin Up or Down - April 10, 7:50PM-7:55PM ET",updown,YES,0.8300,2.26,0.29,"DOGE implied UP at 83%, edge +7.0%, 33s to close",won,2.72,2026-04-10T23:55:00+00:00,5m,0,0.0000,
2026-04-11T00:00:01.044279+00:00,doge-updown-5m-1775865300,"Dogecoin Up or Down - April 10, 7:55PM-8:00PM ET",updown,YES,0.8500,2.74,0.39,"DOGE implied UP at 85%, edge +7.3%, 19s to close",won,3.22,2026-04-11T00:00:00+00:00,5m,0,0.0000,
2026-04-11T00:04:36.269311+00:00,sol-updown-5m-1775865600,"Solana Up or Down - April 10, 8:00PM-8:05PM ET",updown,NO,0.7350,2.13,0.23,"SOL implied DOWN at 26%, edge -5.5%, 37s to close",won,2.90,2026-04-11T00:05:00+00:00,5m,0,0.0000,
2026-04-11T00:09:31.497578+00:00,sol-updown-5m-1775865900,"Solana Up or Down - April 10, 8:05PM-8:10PM ET",updown,NO,0.8150,2.39,0.28,"SOL implied DOWN at 18%, edge -6.7%, 34s to close",won,2.94,2026-04-11T00:10:00+00:00,5m,0,0.0000,
2026-04-11T00:09:31.501017+00:00,hype-updown-5m-1775865900,"Hyperliquid Up or Down - April 10, 8:05PM-8:10PM ET",updown,NO,0.7250,2.10,0.25,"HYPE implied DOWN at 28%, edge -5.4%, 29s to close",lost,0.00,2026-04-11T00:10:00+00:00,5m,0,0.0000,
2026-04-11T00:14:42.794853+00:00,doge-updown-5m-1775866200,"Dogecoin Up or Down - April 10, 8:10PM-8:15PM ET",updown,YES,0.7550,2.64,0.38,"DOGE implied UP at 76%, edge +5.8%, 22s to close",won,3.50,2026-04-11T00:15:00+00:00,5m,0,0.0000,
2026-04-11T00:14:42.798514+00:00,eth-updown-5m-1775866200,"Ethereum Up or Down - April 10, 8:10PM-8:15PM ET",updown,YES,0.8350,2.14,0.29,"ETH implied UP at 84%, edge +7.0%, 30s to close",won,2.57,2026-04-11T00:15:00+00:00,5m,0,0.0000,
2026-04-11T00:19:38.451366+00:00,sol-updown-5m-1775866500,"Solana Up or Down - April 10, 8:15PM-8:20PM ET",updown,YES,0.8550,2.43,0.31,"SOL implied UP at 86%, edge +7.3%, 30s to close",won,2.84,2026-04-11T00:20:00+00:00,5m,0,0.0000,
2026-04-11T00:19:38.452275+00:00,hype-updown-5m-1775866500,"Hyperliquid Up or Down - April 10, 8:15PM-8:20PM ET",updown,YES,0.7250,2.19,0.29,"HYPE implied UP at 72%, edge +5.4%, 26s to close",lost,0.00,2026-04-11T00:20:00+00:00,5m,0,0.0000,
2026-04-11T00:24:35.393379+00:00,hype-updown-5m-1775866800,"Hyperliquid Up or Down - April 10, 8:20PM-8:25PM ET",updown,YES,0.8300,2.29,0.29,"HYPE implied UP at 83%, edge +7.0%, 33s to close",won,2.76,2026-04-11T00:25:00+00:00,5m,0,0.0000,
2026-04-11T00:24:35.396854+00:00,bnb-updown-5m-1775866800,"BNB Up or Down - April 10, 8:20PM-8:25PM ET",updown,YES,0.7050,1.86,0.21,"BNB implied UP at 70%, edge +5.1%, 43s to close",lost,0.00,2026-04-11T00:25:00+00:00,5m,0,0.0000,
2026-04-11T00:29:25.660121+00:00,doge-updown-5m-1775867100,"Dogecoin Up or Down - April 10, 8:25PM-8:30PM ET",updown,NO,0.7500,2.02,0.24,"DOGE implied DOWN at 25%, edge -5.8%, 44s to close",lost,0.00,2026-04-11T00:30:00+00:00,5m,0,0.0000,
2026-04-11T00:29:43.644894+00:00,sol-updown-5m-1775867100,"Solana Up or Down - April 10, 8:25PM-8:30PM ET",updown,NO,0.8450,2.14,0.32,"SOL implied DOWN at 16%, edge -7.2%, 29s to close",won,2.54,2026-04-11T00:30:00+00:00,5m,0,0.0000,
2026-04-11T00:34:28.958666+00:00,btc-updown-5m-1775867400,"Bitcoin Up or Down - April 10, 8:30PM-8:35PM ET",updown,NO,0.8750,2.18,0.31,"BTC implied DOWN at 12%, edge -7.5%, 36s to close",won,2.49,2026-04-11T00:35:00+00:00,5m,0,0.0000,
2026-04-11T00:34:28.962337+00:00,hype-updown-5m-1775867400,"Hyperliquid Up or Down - April 10, 8:30PM-8:35PM ET",updown,YES,0.8000,1.89,0.27,"HYPE implied UP at 80%, edge +6.5%, 31s to close",won,2.36,2026-04-11T00:35:00+00:00,5m,0,0.0000,
2026-04-11T00:34:28.962697+00:00,sol-updown-5m-1775867400,"Solana Up or Down - April 10, 8:30PM-8:35PM ET",updown,NO,0.7600,1.69,0.25,"SOL implied DOWN at 24%, edge -5.9%, 40s to close",won,2.22,2026-04-11T00:35:00+00:00,5m,0,0.0000,
2026-04-11T00:39:41.444866+00:00,sol-updown-5m-1775867700,"Solana Up or Down - April 10, 8:35PM-8:40PM ET",updown,YES,0.8150,1.85,0.28,"SOL implied UP at 82%, edge +6.7%, 36s to close",won,2.26,2026-04-11T00:40:00+00:00,5m,0,0.0000,
2026-04-11T00:39:41.445546+00:00,xrp-updown-5m-1775867700,"XRP Up or Down - April 10, 8:35PM-8:40PM ET",updown,YES,0.7450,1.72,0.28,"XRP implied UP at 74%, edge +5.7%, 27s to close",won,2.30,2026-04-11T00:40:00+00:00,5m,0,0.0000,
2026-04-11T00:39:41.445886+00:00,bnb-updown-5m-1775867700,"BNB Up or Down - April 10, 8:35PM-8:40PM ET",updown,YES,0.7950,1.57,0.27,"BNB implied UP at 80%, edge +6.4%, 43s to close",won,1.97,2026-04-11T00:40:00+00:00,5m,0,0.0000,
2026-04-11T00:39:41.446108+00:00,eth-updown-5m-1775867700,"Ethereum Up or Down - April 10, 8:35PM-8:40PM ET",updown,YES,0.7750,1.43,0.26,"ETH implied UP at 78%, edge +6.1%, 31s to close",won,1.85,2026-04-11T00:40:00+00:00,5m,0,0.0000,
2026-04-11T00:44:24.136854+00:00,hype-updown-5m-1775868000,"Hyperliquid Up or Down - April 10, 8:40PM-8:45PM ET",updown,NO,0.8150,2.01,0.28,"HYPE implied DOWN at 18%, edge -6.7%, 36s to close",won,2.46,2026-04-11T00:45:00+00:00,5m,0,0.0000,
2026-04-11T00:49:29.967624+00:00,btc-updown-5m-1775868300,"Bitcoin Up or Down - April 10, 8:45PM-8:50PM ET",updown,NO,0.8650,2.44,0.31,"BTC implied DOWN at 14%, edge -7.5%, 39s to close",won,2.82,2026-04-11T00:50:00+00:00,5m,0,0.0000,
2026-04-11T00:49:29.968239+00:00,sol-updown-5m-1775868300,"Solana Up or Down - April 10, 8:45PM-8:50PM ET",updown,NO,0.7700,2.05,0.25,"SOL implied DOWN at 23%, edge -6.0%, 34s to close",lost,0.00,2026-04-11T00:50:00+00:00,5m,0,0.0000,
2026-04-11T00:54:37.105586+00:00,bnb-updown-5m-1775868600,"BNB Up or Down - April 10, 8:50PM-8:55PM ET",updown,NO,0.8650,2.29,0.31,"BNB implied DOWN at 14%, edge -7.5%, 31s to close",won,2.65,2026-04-11T00:55:00+00:00,5m,0,0.0000,
2026-04-11T00:54:37.111181+00:00,xrp-updown-5m-1775868600,"XRP Up or Down - April 10, 8:50PM-8:55PM ET",updown,NO,0.7350,2.01,0.28,"XRP implied DOWN at 26%, edge -5.5%, 27s to close",won,2.73,2026-04-11T00:55:00+00:00,5m,0,0.0000,
2026-04-11T00:54:37.111446+00:00,hype-updown-5m-1775868600,"Hyperliquid Up or Down - April 10, 8:50PM-8:55PM ET",updown,NO,0.7600,1.78,0.25,"HYPE implied DOWN at 24%, edge -5.9%, 40s to close",won,2.34,2026-04-11T00:55:00+00:00,5m,0,0.0000,
2026-04-11T01:04:27.421013+00:00,xrp-updown-5m-1775869200,"XRP Up or Down - April 10, 9:00PM-9:05PM ET",updown,NO,0.7400,2.30,0.23,"XRP implied DOWN at 26%, edge -5.6%, 37s to close",won,3.11,2026-04-11T01:05:00+00:00,5m,0,0.0000,
2026-04-11T01:09:26.555740+00:00,xrp-updown-5m-1775869500,"XRP Up or Down - April 10, 9:05PM-9:10PM ET",updown,YES,0.8550,2.65,0.31,"XRP implied UP at 86%, edge +7.3%, 38s to close",won,3.10,2026-04-11T01:10:00+00:00,5m,0,0.0000,
2026-04-11T01:09:26.559101+00:00,btc-updown-5m-1775869500,"Bitcoin Up or Down - April 10, 9:05PM-9:10PM ET",updown,YES,0.8450,2.43,0.30,"BTC implied UP at 84%, edge +7.2%, 42s to close",won,2.88,2026-04-11T01:10:00+00:00,5m,0,0.0000,
2026-04-11T01:09:26.559286+00:00,hype-updown-5m-1775869500,"Hyperliquid Up or Down - April 10, 9:05PM-9:10PM ET",updown,YES,0.7800,2.12,0.26,"HYPE implied UP at 78%, edge +6.2%, 34s to close",won,2.71,2026-04-11T01:10:00+00:00,5m,0,0.0000,
2026-04-11T01:14:27.209821+00:00,xrp-updown-5m-1775869800,"XRP Up or Down - April 10, 9:10PM-9:15PM ET",updown,NO,0.8350,2.48,0.29,"XRP implied DOWN at 16%, edge -7.0%, 37s to close",won,2.97,2026-04-11T01:15:00+00:00,5m,0,0.0000,
2026-04-11T01:24:34.090806+00:00,bnb-updown-5m-1775870400,"BNB Up or Down - April 10, 9:20PM-9:25PM ET",updown,NO,0.7850,2.60,0.26,"BNB implied DOWN at 22%, edge -6.3%, 43s to close",won,3.31,2026-04-11T01:25:00+00:00,5m,0,0.0000,
2026-04-11T01:24:34.093997+00:00,sol-updown-5m-1775870400,"Solana Up or Down - April 10, 9:20PM-9:25PM ET",updown,NO,0.7550,2.35,0.24,"SOL implied DOWN at 24%, edge -5.8%, 30s to close",won,3.11,2026-04-11T01:25:00+00:00,5m,0,0.0000,
2026-04-11T01:29:22.305589+00:00,xrp-updown-5m-1775870700,"XRP Up or Down - April 10, 9:25PM-9:30PM ET",updown,YES,0.7650,2.22,0.25,"XRP implied UP at 76%, edge +6.0%, 42s to close",won,2.90,2026-04-11T01:30:00+00:00,5m,0,0.0000,
2026-04-11T01:34:37.196410+00:00,bnb-updown-5m-1775871000,"BNB Up or Down - April 10, 9:30PM-9:35PM ET",updown,YES,0.8550,2.74,0.31,"BNB implied UP at 86%, edge +7.3%, 31s to close",won,3.20,2026-04-11T01:35:00+00:00,5m,0,0.0000,
2026-04-11T01:34:37.197110+00:00,hype-updown-5m-1775871000,"Hyperliquid Up or Down - April 10, 9:30PM-9:35PM ET",updown,YES,0.8500,2.53,0.30,"HYPE implied UP at 85%, edge +7.3%, 31s to close",won,2.97,2026-04-11T01:35:00+00:00,5m,0,0.0000,
2026-04-11T01:34:37.197513+00:00,xrp-updown-5m-1775871000,"XRP Up or Down - April 10, 9:30PM-9:35PM ET",updown,YES,0.7950,2.22,0.27,"XRP implied UP at 80%, edge +6.4%, 36s to close",won,2.79,2026-04-11T01:35:00+00:00,5m,0,0.0000,
2026-04-11T01:39:35.904204+00:00,bnb-updown-5m-1775871300,"BNB Up or Down - April 10, 9:35PM-9:40PM ET",updown,NO,0.8250,2.74,0.29,"BNB implied DOWN at 18%, edge -6.9%, 33s to close",won,3.32,2026-04-11T01:40:00+00:00,5m,0,0.0000,
2026-04-11T01:54:36.097198+00:00,sol-updown-5m-1775872200,"Solana Up or Down - April 10, 9:50PM-9:55PM ET",updown,YES,0.7750,2.85,0.26,"SOL implied UP at 78%, edge +6.1%, 41s to close",won,3.68,2026-04-11T01:55:00+00:00,5m,0,0.0000,
2026-04-11T01:54:36.100383+00:00,bnb-updown-5m-1775872200,"BNB Up or Down - April 10, 9:50PM-9:55PM ET",updown,YES,0.7700,2.65,0.25,"BNB implied UP at 77%, edge +6.0%, 37s to close",won,3.44,2026-04-11T01:55:00+00:00,5m,0,0.0000,
2026-04-11T01:54:36.100530+00:00,xrp-updown-5m-1775872200,"XRP Up or Down - April 10, 9:50PM-9:55PM ET",updown,YES,0.7400,2.39,0.23,"XRP implied UP at 74%, edge +5.6%, 32s to close",won,3.24,2026-04-11T01:55:00+00:00,5m,0,0.0000,
2026-04-11T01:59:21.383215+00:00,hype-updown-5m-1775872500,"Hyperliquid Up or Down - April 10, 9:55PM-10:00PM ET",updown,YES,0.7850,2.35,0.26,"HYPE implied UP at 78%, edge +6.3%, 39s to close",won,3.00,2026-04-11T02:00:00+00:00,5m,0,0.0000,
2026-04-11T02:09:34.599304+00:00,bnb-updown-5m-1775873100,"BNB Up or Down - April 10, 10:05PM-10:10PM ET",updown,NO,0.7950,3.12,0.27,"BNB implied DOWN at 20%, edge -6.4%, 35s to close",won,3.93,2026-04-11T02:10:00+00:00,5m,0,0.0000,
2026-04-11T02:14:45.590977+00:00,sol-updown-5m-1775873400,"Solana Up or Down - April 10, 10:10PM-10:15PM ET",updown,YES,0.7100,3.45,0.38,"SOL implied UP at 71%, edge +5.1%, 19s to close",won,4.85,2026-04-11T02:15:00+00:00,5m,0,0.0000,
2026-04-11T02:14:45.594441+00:00,doge-updown-5m-1775873400,"Dogecoin Up or Down - April 10, 10:10PM-10:15PM ET",updown,YES,0.8500,2.83,0.30,"DOGE implied UP at 85%, edge +7.3%, 41s to close",won,3.33,2026-04-11T02:15:00+00:00,5m,0,0.0000,
2026-04-11T02:14:45.594624+00:00,bnb-updown-5m-1775873400,"BNB Up or Down - April 10, 10:10PM-10:15PM ET",updown,YES,0.7950,2.49,0.27,"BNB implied UP at 80%, edge +6.4%, 35s to close",won,3.13,2026-04-11T02:15:00+00:00,5m,0,0.0000,
2026-04-11T02:14:45.594740+00:00,xrp-updown-5m-1775873400,"XRP Up or Down - April 10, 10:10PM-10:15PM ET",updown,YES,0.7650,2.25,0.25,"XRP implied UP at 76%, edge +6.0%, 31s to close",won,2.94,2026-04-11T02:15:00+00:00,5m,0,0.0000,
2026-04-11T02:24:39.304804+00:00,sol-updown-5m-1775874000,"Solana Up or Down - April 10, 10:20PM-10:25PM ET",updown,NO,0.8350,4.10,0.39,"SOL implied DOWN at 16%, edge -7.0%, 25s to close",won,4.91,2026-04-11T02:25:00+00:00,5m,0,0.0000,
2026-04-11T02:24:39.305223+00:00,bnb-updown-5m-1775874000,"BNB Up or Down - April 10, 10:20PM-10:25PM ET",updown,YES,0.7700,3.04,0.25,"BNB implied UP at 77%, edge +6.0%, 42s to close",lost,0.00,2026-04-11T02:25:00+00:00,5m,0,0.0000,
2026-04-11T02:29:27.929093+00:00,xrp-updown-5m-1775874300,"XRP Up or Down - April 10, 10:25PM-10:30PM ET",updown,YES,0.7200,2.69,0.22,"XRP implied UP at 72%, edge +5.3%, 37s to close",won,3.73,2026-04-11T02:30:00+00:00,5m,0,0.0000,
2026-04-11T02:34:36.886375+00:00,doge-updown-5m-1775874600,"Dogecoin Up or Down - April 10, 10:30PM-10:35PM ET",updown,YES,0.8450,3.22,0.30,"DOGE implied UP at 84%, edge +7.2%, 36s to close",won,3.81,2026-04-11T02:35:00+00:00,5m,0,0.0000,
2026-04-11T02:34:36.889454+00:00,xrp-updown-5m-1775874600,"XRP Up or Down - April 10, 10:30PM-10:35PM ET",updown,YES,0.7700,2.77,0.25,"XRP implied UP at 77%, edge +6.0%, 41s to close",won,3.60,2026-04-11T02:35:00+00:00,5m,0,0.0000,
2026-04-11T02:34:36.889609+00:00,bnb-updown-5m-1775874600,"BNB Up or Down - April 10, 10:30PM-10:35PM ET",updown,YES,0.7650,2.57,0.25,"BNB implied UP at 76%, edge +6.0%, 32s to close",won,3.37,2026-04-11T02:35:00+00:00,5m,0,0.0000,
2026-04-11T02:39:39.206938+00:00,doge-updown-5m-1775874900,"Dogecoin Up or Down - April 10, 10:35PM-10:40PM ET",updown,NO,0.7850,2.95,0.26,"DOGE implied DOWN at 22%, edge -6.3%, 34s to close",won,3.76,2026-04-11T02:40:00+00:00,5m,0,0.0000,
2026-04-11T02:39:39.209822+00:00,sol-updown-5m-1775874900,"Solana Up or Down - April 10, 10:35PM-10:40PM ET",updown,NO,0.7650,2.69,0.25,"SOL implied DOWN at 24%, edge -6.0%, 43s to close",won,3.52,2026-04-11T02:40:00+00:00,5m,0,0.0000,
2026-04-11T02:39:39.210642+00:00,xrp-updown-5m-1775874900,"XRP Up or Down - April 10, 10:35PM-10:40PM ET",updown,NO,0.7600,2.50,0.25,"XRP implied DOWN at 24%, edge -5.9%, 38s to close",won,3.29,2026-04-11T02:40:00+00:00,5m,0,0.0000,
2026-04-11T02:44:32.584260+00:00,xrp-updown-5m-1775875200,"XRP Up or Down - April 10, 10:40PM-10:45PM ET",updown,NO,0.8650,3.36,0.31,"XRP implied DOWN at 14%, edge -7.5%, 36s to close",won,3.89,2026-04-11T02:45:00+00:00,5m,0,0.0000,
2026-04-11T02:44:32.587110+00:00,doge-updown-5m-1775875200,"Dogecoin Up or Down - April 10, 10:40PM-10:45PM ET",updown,NO,0.7850,2.88,0.26,"DOGE implied DOWN at 22%, edge -6.3%, 32s to close",won,3.67,2026-04-11T02:45:00+00:00,5m,0,0.0000,
2026-04-11T02:49:27.827839+00:00,doge-updown-5m-1775875500,"Dogecoin Up or Down - April 10, 10:45PM-10:50PM ET",updown,NO,0.8700,3.46,0.31,"DOGE implied DOWN at 13%, edge -7.5%, 41s to close",won,3.97,2026-04-11T02:50:00+00:00,5m,0,0.0000,
2026-04-11T02:49:38.515537+00:00,hype-updown-5m-1775875500,"Hyperliquid Up or Down - April 10, 10:45PM-10:50PM ET",updown,NO,0.8300,3.89,0.45,"HYPE implied DOWN at 17%, edge -6.9%, 22s to close",won,4.69,2026-04-11T02:50:00+00:00,5m,0,0.0000,
2026-04-11T02:54:39.883435+00:00,sol-updown-5m-1775875800,"Solana Up or Down - April 10, 10:50PM-10:55PM ET",updown,YES,0.7550,3.57,0.33,"SOL implied UP at 76%, edge +5.8%, 24s to close",won,4.73,2026-04-11T02:55:00+00:00,5m,0,0.0000,
2026-04-11T02:59:44.325300+00:00,xrp-updown-5m-1775876100,"XRP Up or Down - April 10, 10:55PM-11:00PM ET",updown,YES,0.8550,3.79,0.31,"XRP implied UP at 86%, edge +7.3%, 36s to close",won,4.43,2026-04-11T03:00:00+00:00,5m,0,0.0000,
2026-04-11T02:59:44.325768+00:00,hype-updown-5m-1775876100,"Hyperliquid Up or Down - April 10, 10:55PM-11:00PM ET",updown,YES,0.8050,3.34,0.27,"HYPE implied UP at 80%, edge +6.6%, 41s to close",won,4.15,2026-04-11T03:00:00+00:00,5m,0,0.0000,
2026-04-11T02:59:49.067552+00:00,bnb-updown-5m-1775876100,"BNB Up or Down - April 10, 10:55PM-11:00PM ET",updown,YES,0.8700,4.93,0.63,"BNB implied UP at 87%, edge +7.6%, 15s to close",won,5.67,2026-04-11T03:00:00+00:00,5m,0,0.0000,
2026-04-11T03:04:35.183746+00:00,bnb-updown-5m-1775876400,"BNB Up or Down - April 10, 11:00PM-11:05PM ET",updown,YES,0.7500,3.01,0.26,"BNB implied UP at 75%, edge +5.8%, 29s to close",won,4.01,2026-04-11T03:05:00+00:00,5m,0,0.0000,
2026-04-11T03:09:32.466624+00:00,sol-updown-5m-1775876700,"Solana Up or Down - April 10, 11:05PM-11:10PM ET",updown,NO,0.8050,3.87,0.27,"SOL implied DOWN at 20%, edge -6.6%, 36s to close",won,4.81,2026-04-11T03:10:00+00:00,5m,0,0.0000,
2026-04-11T03:09:32.467171+00:00,xrp-updown-5m-1775876700,"XRP Up or Down - April 10, 11:05PM-11:10PM ET",updown,YES,0.7050,3.23,0.21,"XRP implied UP at 70%, edge +5.1%, 32s to close",won,4.59,2026-04-11T03:10:00+00:00,5m,0,0.0000,
2026-04-11T03:19:30.709111+00:00,bnb-updown-5m-1775877300,"BNB Up or Down - April 10, 11:15PM-11:20PM ET",updown,YES,0.7250,3.95,0.22,"BNB implied UP at 72%, edge +5.4%, 38s to close",won,5.44,2026-04-11T03:20:00+00:00,5m,0,0.0000,
2026-04-11T03:24:28.574291+00:00,hype-updown-5m-1775877600,"Hyperliquid Up or Down - April 10, 11:20PM-11:25PM ET",updown,YES,0.8250,4.11,0.29,"HYPE implied UP at 82%, edge +6.9%, 31s to close",won,4.98,2026-04-11T03:25:00+00:00,5m,0,0.0000,
2026-04-11T03:34:36.389587+00:00,sol-updown-5m-1775878200,"Solana Up or Down - April 10, 11:30PM-11:35PM ET",updown,YES,0.8350,4.91,0.34,"SOL implied UP at 84%, edge +7.0%, 28s to close",lost,0.00,2026-04-11T03:35:00+00:00,5m,0,0.0000,
2026-04-11T03:44:31.914927+00:00,doge-updown-5m-1775878800,"Dogecoin Up or Down - April 10, 11:40PM-11:45PM ET",updown,YES,0.8650,4.38,0.31,"DOGE implied UP at 86%, edge +7.5%, 42s to close",won,5.06,2026-04-11T03:45:00+00:00,5m,0,0.0000,
2026-04-11T03:49:37.369779+00:00,xrp-updown-5m-1775879100,"XRP Up or Down - April 10, 11:45PM-11:50PM ET",updown,NO,0.7950,4.13,0.32,"XRP implied DOWN at 20%, edge -6.4%, 27s to close",won,5.19,2026-04-11T03:50:00+00:00,5m,0,0.0000,
2026-04-11T03:49:37.375096+00:00,sol-updown-5m-1775879100,"Solana Up or Down - April 10, 11:45PM-11:50PM ET",updown,NO,0.8750,3.77,0.31,"SOL implied DOWN at 12%, edge -7.5%, 35s to close",won,4.31,2026-04-11T03:50:00+00:00,5m,0,0.0000,
2026-04-11T03:49:37.375254+00:00,doge-updown-5m-1775879100,"Dogecoin Up or Down - April 10, 11:45PM-11:50PM ET",updown,NO,0.8250,3.35,0.29,"DOGE implied DOWN at 18%, edge -6.9%, 40s to close",won,4.07,2026-04-11T03:50:00+00:00,5m,0,0.0000,
2026-04-11T03:54:22.129927+00:00,hype-updown-5m-1775879400,"Hyperliquid Up or Down - April 10, 11:50PM-11:55PM ET",updown,NO,0.8400,3.53,0.30,"HYPE implied DOWN at 16%, edge -7.1%, 42s to close",lost,0.00,2026-04-11T03:55:00+00:00,5m,0,0.0000,
2026-04-11T04:04:43.377096+00:00,xrp-updown-5m-1775880000,"XRP Up or Down - April 11, 12:00AM-12:05AM ET",updown,NO,0.7100,4.57,0.35,"XRP implied DOWN at 29%, edge -5.1%, 21s to close",won,6.44,2026-04-11T04:05:00+00:00,5m,0,0.0000,
2026-04-11T04:04:43.382836+00:00,doge-updown-5m-1775880000,"Dogecoin Up or Down - April 11, 12:00AM-12:05AM ET",updown,NO,0.7750,4.16,0.34,"DOGE implied DOWN at 22%, edge -6.1%, 25s to close",won,5.37,2026-04-11T04:05:00+00:00,5m,0,0.0000,
2026-04-11T04:09:30.671560+00:00,sol-updown-5m-1775880300,"Solana Up or Down - April 11, 12:05AM-12:10AM ET",updown,YES,0.7950,3.46,0.27,"SOL implied UP at 80%, edge +6.4%, 34s to close",won,4.35,2026-04-11T04:10:00+00:00,5m,0,0.0000,
2026-04-11T04:14:26.384327+00:00,xrp-updown-5m-1775880600,"XRP Up or Down - April 11, 12:10AM-12:15AM ET",updown,YES,0.7600,3.88,0.25,"XRP implied UP at 76%, edge +5.9%, 44s to close",lost,0.00,2026-04-11T04:15:00+00:00,5m,0,0.0000,
2026-04-11T04:19:49.755812+00:00,hype-updown-5m-1775880900,"Hyperliquid Up or Down - April 11, 12:15AM-12:20AM ET",updown,NO,0.8650,6.08,0.57,"HYPE implied DOWN at 14%, edge -7.5%, 18s to close",won,7.03,2026-04-11T04:20:00+00:00,5m,0,0.0000,
2026-04-11T04:19:49.756468+00:00,xrp-updown-5m-1775880900,"XRP Up or Down - April 11, 12:15AM-12:20AM ET",updown,NO,0.7050,3.85,0.30,"XRP implied DOWN at 30%, edge -5.1%, 24s to close",won,5.47,2026-04-11T04:20:00+00:00,5m,0,0.0000,
2026-04-11T04:29:47.309956+00:00,xrp-updown-5m-1775881500,"XRP Up or Down - April 11, 12:25AM-12:30AM ET",updown,NO,0.8750,6.55,0.31,"XRP implied DOWN at 12%, edge -7.5%, 34s to close",won,7.49,2026-04-11T04:30:00+00:00,5m,0,0.0000,
2026-04-11T04:34:39.980340+00:00,bnb-updown-5m-1775881800,"BNB Up or Down - April 11, 12:30AM-12:35AM ET",updown,YES,0.8400,9.93,0.41,"BNB implied UP at 84%, edge +7.1%, 24s to close",won,11.82,2026-04-11T04:35:00+00:00,5m,0,0.0000,
2026-04-11T04:34:39.983747+00:00,sol-updown-5m-1775881800,"Solana Up or Down - April 11, 12:30AM-12:35AM ET",updown,YES,0.8050,5.29,0.30,"SOL implied UP at 80%, edge +6.6%, 29s to close",won,6.57,2026-04-11T04:35:00+00:00,5m,0,0.0000,
2026-04-11T04:44:36.776074+00:00,sol-updown-5m-1775882400,"Solana Up or Down - April 11, 12:40AM-12:45AM ET",updown,NO,0.8150,5.93,0.28,"SOL implied DOWN at 18%, edge -6.7%, 32s to close",won,7.28,2026-04-11T04:45:00+00:00,5m,0,0.0000,
2026-04-11T04:54:28.710080+00:00,sol-updown-5m-1775883000,"Solana Up or Down - April 11, 12:50AM-12:55AM ET",updown,YES,0.8450,6.67,0.30,"SOL implied UP at 84%, edge +7.2%, 36s to close",won,7.89,2026-04-11T04:55:00+00:00,5m,0,0.0000,
2026-04-11T06:14:23.714632+00:00,doge-updown-5m-1775887800,"Dogecoin Up or Down - April 11, 2:10AM-2:15AM ET",updown,YES,0.8700,7.33,0.31,"DOGE implied UP at 87%, edge +7.6%, 36s to close, price neutral (+0.000%)",won,8.43,2026-04-11T06:15:00+00:00,5m,0,0.0000,
2026-04-11T06:14:23.715339+00:00,xrp-updown-5m-1775887800,"XRP Up or Down - April 11, 2:10AM-2:15AM ET",updown,YES,0.8250,5.69,0.29,"XRP implied UP at 82%, edge +6.9%, 36s to close, price neutral (+0.000%)",lost,0.00,2026-04-11T06:15:00+00:00,5m,0,0.0000,
2026-04-11T06:24:35.644994+00:00,xrp-updown-5m-1775888400,"XRP Up or Down - April 11, 2:20AM-2:25AM ET",updown,YES,0.8100,5.65,0.28,"XRP implied UP at 81%, edge +6.7%, 24s to close, price neutral (+0.000%)",won,6.98,2026-04-11T06:25:00+00:00,5m,0,0.0000,
2026-04-11T06:49:38.853972+00:00,bnb-updown-5m-1775889900,"BNB Up or Down - April 11, 2:45AM-2:50AM ET",updown,YES,0.8350,6.27,0.29,"BNB implied UP at 84%, edge +7.0%, 21s to close",won,7.50,2026-04-11T06:50:00+00:00,5m,0,0.0000,
2026-04-11T07:04:36.502760+00:00,xrp-updown-5m-1775890800,"XRP Up or Down - April 11, 3:00AM-3:05AM ET",updown,NO,0.8550,6.80,0.31,"XRP implied DOWN at 14%, edge -7.3%, 23s to close",lost,0.00,2026-04-11T07:05:00+00:00,5m,0,0.0000,
2026-04-11T07:04:36.508653+00:00,hype-updown-5m-1775890800,"Hyperliquid Up or Down - April 11, 3:00AM-3:05AM ET",updown,NO,0.8200,5.46,0.28,"HYPE implied DOWN at 18%, edge -6.8%, 23s to close",won,6.66,2026-04-11T07:05:00+00:00,5m,0,0.0000,
2026-04-11T07:04:36.508929+00:00,doge-updown-5m-1775890800,"Dogecoin Up or Down - April 11, 3:00AM-3:05AM ET",updown,NO,0.8150,4.89,0.28,"DOGE implied DOWN at 18%, edge -6.7%, 23s to close",lost,0.00,2026-04-11T07:05:00+00:00,5m,0,0.0000,
2026-04-11T07:09:38.197614+00:00,xrp-updown-5m-1775891100,"XRP Up or Down - April 11, 3:05AM-3:10AM ET",updown,YES,0.8550,5.06,0.31,"XRP implied UP at 86%, edge +7.3%, 22s to close, price neutral (+0.000%)",won,5.92,2026-04-11T07:10:00+00:00,5m,0,0.0000,
2026-04-11T07:09:38.203365+00:00,bnb-updown-5m-1775891100,"BNB Up or Down - April 11, 3:05AM-3:10AM ET",updown,YES,0.6650,2.94,0.23,"BNB implied UP at 66%, edge +5.5%, 22s to close, price confirms (+0.005%)",won,4.42,2026-04-11T07:10:00+00:00,5m,0,0.0000,
2026-04-11T07:14:38.365055+00:00,doge-updown-5m-1775891400,"Dogecoin Up or Down - April 11, 3:10AM-3:15AM ET",updown,NO,0.8650,5.08,0.31,"DOGE implied DOWN at 14%, edge -7.5%, 22s to close",lost,0.00,2026-04-11T07:15:00+00:00,5m,0,0.0000,
2026-04-11T07:19:38.763326+00:00,xrp-updown-5m-1775891700,"XRP Up or Down - April 11, 3:15AM-3:20AM ET",updown,YES,0.8300,5.04,0.29,"XRP implied UP at 83%, edge +7.0%, 21s to close",lost,0.00,2026-04-11T07:20:00+00:00,5m,0,0.0000,
2026-04-11T07:19:38.764250+00:00,bnb-updown-5m-1775891700,"BNB Up or Down - April 11, 3:15AM-3:20AM ET",updown,YES,0.8100,4.28,0.28,"BNB implied UP at 81%, edge +6.7%, 21s to close",won,5.28,2026-04-11T07:20:00+00:00,5m,0,0.0000,
2026-04-11T07:24:38.907373+00:00,doge-updown-5m-1775892000,"Dogecoin Up or Down - April 11, 3:20AM-3:25AM ET",updown,YES,0.8600,4.58,0.31,"DOGE implied UP at 86%, edge +7.4%, 21s to close",won,5.33,2026-04-11T07:25:00+00:00,5m,0,0.0000,
2026-04-11T07:29:38.734866+00:00,sol-updown-5m-1775892300,"Solana Up or Down - April 11, 3:25AM-3:30AM ET",updown,NO,0.8200,4.10,0.28,"SOL implied DOWN at 18%, edge -6.8%, 21s to close",won,5.00,2026-04-11T07:30:00+00:00,5m,0,0.0000,
2026-04-11T07:39:36.955363+00:00,bnb-updown-5m-1775892900,"BNB Up or Down - April 11, 3:35AM-3:40AM ET",updown,NO,0.8500,5.14,0.30,"BNB implied DOWN at 15%, edge -7.2%, 23s to close, price neutral (+0.000%)",won,6.04,2026-04-11T07:40:00+00:00,5m,0,0.0000,
2026-04-11T07:39:36.960797+00:00,hype-updown-5m-1775892900,"Hyperliquid Up or Down - April 11, 3:35AM-3:40AM ET",updown,YES,0.8300,4.34,0.29,"HYPE implied UP at 83%, edge +7.0%, 23s to close",won,5.23,2026-04-11T07:40:00+00:00,5m,0,0.0000,
2026-04-11T07:49:36.824473+00:00,bnb-updown-5m-1775893500,"BNB Up or Down - April 11, 3:45AM-3:50AM ET",updown,NO,0.8050,4.59,0.27,"BNB implied DOWN at 20%, edge -6.6%, 23s to close, price neutral (+0.000%)",won,5.70,2026-04-11T07:50:00+00:00,5m,0,0.0000,
2026-04-11T07:54:36.782136+00:00,xrp-updown-5m-1775893800,"XRP Up or Down - April 11, 3:50AM-3:55AM ET",updown,YES,0.8450,4.78,0.30,"XRP implied UP at 84%, edge +7.2%, 23s to close, price neutral (+0.000%)",won,5.66,2026-04-11T07:55:00+00:00,5m,0,0.0000,
2026-04-11T08:04:32.272786+00:00,doge-updown-5m-1775894400,"Dogecoin Up or Down - April 11, 4:00AM-4:05AM ET",updown,NO,0.8550,6.78,0.35,"DOGE implied DOWN at 14%, edge -8.3%, 28s to close, price confirms (-0.015%)",won,7.93,2026-04-11T08:05:00+00:00,5m,0,0.0000,
2026-04-11T08:04:32.273647+00:00,sol-updown-5m-1775894400,"Solana Up or Down - April 11, 4:00AM-4:05AM ET",updown,NO,0.8400,4.69,0.30,"SOL implied DOWN at 16%, edge -7.1%, 28s to close, price neutral (+0.000%)",won,5.58,2026-04-11T08:05:00+00:00,5m,0,0.0000,
2026-04-11T08:24:45.825365+00:00,sol-updown-5m-1775895600,"Solana Up or Down - April 11, 4:20AM-4:25AM ET",updown,YES,0.8650,7.60,0.37,"SOL implied UP at 86%, edge +7.5%, 17s to close",won,8.79,2026-04-11T08:25:00+00:00,5m,0,0.0000,
2026-04-11T08:29:36.674191+00:00,bnb-updown-5m-1775895900,"BNB Up or Down - April 11, 4:25AM-4:30AM ET",updown,YES,0.8350,4.73,0.29,"BNB implied UP at 84%, edge +7.0%, 23s to close",won,5.66,2026-04-11T08:30:00+00:00,5m,0,0.0000,
2026-04-11T09:34:45.059203+00:00,doge-updown-5m-1775899800,"Dogecoin Up or Down - April 11, 5:30AM-5:35AM ET",updown,NO,0.8250,8.13,0.37,"DOGE implied DOWN at 18%, edge -6.9%, 15s to close",won,9.85,2026-04-11T09:35:00+00:00,5m,0,0.0000,
2026-04-11T09:34:45.064962+00:00,sol-updown-5m-1775899800,"Solana Up or Down - April 11, 5:30AM-5:35AM ET",updown,NO,0.8250,6.74,0.36,"SOL implied DOWN at 18%, edge -6.9%, 16s to close",won,8.17,2026-04-11T09:35:00+00:00,5m,0,0.0000,
2026-04-11T09:39:38.152133+00:00,xrp-updown-5m-1775900100,"XRP Up or Down - April 11, 5:35AM-5:40AM ET",updown,YES,0.8350,5.95,0.29,"XRP implied UP at 84%, edge +7.0%, 22s to close",lost,0.00,2026-04-11T09:40:00+00:00,5m,0,0.0000,
2026-04-11T09:49:38.134599+00:00,eth-updown-5m-1775900700,"Ethereum Up or Down - April 11, 5:45AM-5:50AM ET",updown,YES,0.8750,5.94,0.31,"ETH implied UP at 88%, edge +7.5%, 22s to close, price neutral (+0.000%)",won,6.79,2026-04-11T09:50:00+00:00,5m,0,0.0000,
2026-04-11T09:49:38.138120+00:00,sol-updown-5m-1775900700,"Solana Up or Down - April 11, 5:45AM-5:50AM ET",updown,YES,0.8550,5.13,0.31,"SOL implied UP at 86%, edge +7.3%, 22s to close, price neutral (+0.000%)",lost,0.00,2026-04-11T09:50:00+00:00,5m,0,0.0000,
2026-04-11T09:49:38.138511+00:00,btc-updown-5m-1775900700,"Bitcoin Up or Down - April 11, 5:45AM-5:50AM ET",updown,YES,0.8350,4.33,0.29,"BTC implied UP at 84%, edge +7.0%, 22s to close, price neutral (+0.000%)",won,5.19,2026-04-11T09:50:00+00:00,5m,0,0.0000,
2026-04-11T09:49:38.138671+00:00,xrp-updown-5m-1775900700,"XRP Up or Down - April 11, 5:45AM-5:50AM ET",updown,YES,0.8250,3.80,0.29,"XRP implied UP at 82%, edge +6.9%, 22s to close, price neutral (+0.000%)",won,4.60,2026-04-11T09:50:00+00:00,5m,0,0.0000,
2026-04-11T09:59:54.836034+00:00,eth-updown-5m-1775901300,"Ethereum Up or Down - April 11, 5:55AM-6:00AM ET",updown,YES,0.8550,14.91,0.60,"ETH implied UP at 86%, edge +7.3%, 6s to close, price neutral (+0.000%)",won,17.43,2026-04-11T10:00:00+00:00,5m,0,0.0000,
2026-04-11T10:04:38.781485+00:00,eth-updown-5m-1775901600,"Ethereum Up or Down - April 11, 6:00AM-6:05AM ET",updown,YES,0.8750,5.93,0.31,"ETH implied UP at 88%, edge +7.5%, 21s to close, price neutral (-0.008%)",lost,0.00,2026-04-11T10:05:00+00:00,5m,0,0.0000,
2026-04-11T10:09:39.285802+00:00,hype-updown-5m-1775901900,"Hyperliquid Up or Down - April 11, 6:05AM-6:10AM ET",updown,NO,0.8750,5.31,0.31,"HYPE implied DOWN at 12%, edge -7.5%, 21s to close",won,6.07,2026-04-11T10:10:00+00:00,5m,0,0.0000,
2026-04-11T10:29:43.364471+00:00,sol-updown-5m-1775903100,"Solana Up or Down - April 11, 6:25AM-6:30AM ET",updown,YES,0.8650,7.27,0.38,"SOL implied UP at 86%, edge +7.5%, 17s to close",won,8.40,2026-04-11T10:30:00+00:00,5m,0,0.0000,
2026-04-11T10:39:37.766266+00:00,btc-updown-5m-1775903700,"Bitcoin Up or Down - April 11, 6:35AM-6:40AM ET",updown,NO,0.8550,5.32,0.31,"BTC implied DOWN at 14%, edge -7.3%, 22s to close, price neutral (+0.000%)",won,6.22,2026-04-11T10:40:00+00:00,5m,0,0.0000,
2026-04-11T10:39:37.769733+00:00,bnb-updown-5m-1775903700,"BNB Up or Down - April 11, 6:35AM-6:40AM ET",updown,NO,0.7850,4.73,0.30,"BNB implied DOWN at 22%, edge -7.3%, 22s to close, price confirms (-0.003%)",won,6.03,2026-04-11T10:40:00+00:00,5m,0,0.0000,
2026-04-11T10:39:42.636399+00:00,doge-updown-5m-1775903700,"Dogecoin Up or Down - April 11, 6:35AM-6:40AM ET",updown,NO,0.8150,4.82,0.33,"DOGE implied DOWN at 18%, edge -6.7%, 17s to close, price neutral (+0.000%)",won,5.92,2026-04-11T10:40:00+00:00,5m,0,0.0000,
2026-04-11T10:54:38.556529+00:00,sol-updown-5m-1775904600,"Solana Up or Down - April 11, 6:50AM-6:55AM ET",updown,YES,0.8050,4.81,0.27,"SOL implied UP at 80%, edge +6.6%, 21s to close, price neutral (+0.000%)",won,5.97,2026-04-11T10:55:00+00:00,5m,0,0.0000,
2026-04-11T10:59:39.575845+00:00,bnb-updown-5m-1775904900,"BNB Up or Down - April 11, 6:55AM-7:00AM ET",updown,NO,0.8450,6.80,0.34,"BNB implied DOWN at 16%, edge -8.2%, 20s to close, price confirms (-0.007%)",won,8.05,2026-04-11T11:00:00+00:00,5m,0,0.0000,
2026-04-11T10:59:39.579532+00:00,btc-updown-5m-1775904900,"Bitcoin Up or Down - April 11, 6:55AM-7:00AM ET",updown,YES,0.7750,4.87,0.30,"BTC implied UP at 78%, edge +7.1%, 20s to close, price confirms (+0.005%)",won,6.29,2026-04-11T11:00:00+00:00,5m,0,0.0000,
2026-04-11T10:59:39.579750+00:00,sol-updown-5m-1775904900,"Solana Up or Down - April 11, 6:55AM-7:00AM ET",updown,NO,0.8350,4.31,0.29,"SOL implied DOWN at 16%, edge -7.0%, 20s to close, price neutral (+0.000%)",won,5.16,2026-04-11T11:00:00+00:00,5m,0,0.0000,
2026-04-11T10:59:39.579860+00:00,doge-updown-5m-1775904900,"Dogecoin Up or Down - April 11, 6:55AM-7:00AM ET",updown,YES,0.8100,3.59,0.28,"DOGE implied UP at 81%, edge +6.7%, 20s to close, price neutral (+0.000%)",won,4.43,2026-04-11T11:00:00+00:00,5m,0,0.0000,
2026-04-11T11:09:38.996339+00:00,eth-updown-5m-1775905500,"Ethereum Up or Down - April 11, 7:05AM-7:10AM ET",updown,YES,0.8250,5.65,0.29,"ETH implied UP at 82%, edge +6.9%, 21s to close, price neutral (+0.000%)",won,6.84,2026-04-11T11:10:00+00:00,5m,0,0.0000,
2026-04-11T11:09:38.999806+00:00,sol-updown-5m-1775905500,"Solana Up or Down - April 11, 7:05AM-7:10AM ET",updown,YES,0.8100,4.88,0.28,"SOL implied UP at 81%, edge +6.7%, 21s to close, price neutral (+0.000%)",won,6.02,2026-04-11T11:10:00+00:00,5m,0,0.0000,
2026-04-11T11:09:38.999980+00:00,bnb-updown-5m-1775905500,"BNB Up or Down - April 11, 7:05AM-7:10AM ET",updown,YES,0.8050,4.37,0.27,"BNB implied UP at 80%, edge +6.6%, 21s to close, price neutral (+0.000%)",won,5.43,2026-04-11T11:10:00+00:00,5m,0,0.0000,
2026-04-11T11:14:39.350995+00:00,hype-updown-5m-1775905800,"Hyperliquid Up or Down - April 11, 7:10AM-7:15AM ET",updown,NO,0.8700,5.50,0.31,"HYPE implied DOWN at 13%, edge -7.5%, 21s to close",won,6.32,2026-04-11T11:15:00+00:00,5m,0,0.0000,
2026-04-11T11:14:39.354783+00:00,sol-updown-5m-1775905800,"Solana Up or Down - April 11, 7:10AM-7:15AM ET",updown,NO,0.8750,4.86,0.31,"SOL implied DOWN at 12%, edge -7.5%, 21s to close",won,5.56,2026-04-11T11:15:00+00:00,5m,0,0.0000,
2026-04-11T11:14:39.354957+00:00,bnb-updown-5m-1775905800,"BNB Up or Down - April 11, 7:10AM-7:15AM ET",updown,NO,0.8550,4.20,0.31,"BNB implied DOWN at 14%, edge -7.3%, 21s to close",won,4.92,2026-04-11T11:15:00+00:00,5m,0,0.0000,
2026-04-11T11:29:40.217610+00:00,eth-updown-5m-1775906700,"Ethereum Up or Down - April 11, 7:25AM-7:30AM ET",updown,NO,0.7950,7.07,0.31,"ETH implied DOWN at 20%, edge -7.4%, 20s to close, price confirms (-0.000%)",won,8.89,2026-04-11T11:30:00+00:00,5m,0,0.0000,
2026-04-11T11:34:40.400763+00:00,eth-updown-5m-1775907000,"Ethereum Up or Down - April 11, 7:30AM-7:35AM ET",updown,YES,0.8600,6.40,0.32,"ETH implied UP at 86%, edge +7.4%, 20s to close",won,7.45,2026-04-11T11:35:00+00:00,5m,0,0.0000,
2026-04-11T11:39:50.127436+00:00,doge-updown-5m-1775907300,"Dogecoin Up or Down - April 11, 7:35AM-7:40AM ET",updown,YES,0.8400,14.62,0.50,"DOGE implied UP at 84%, edge +7.1%, 10s to close",won,17.41,2026-04-11T11:40:00+00:00,5m,0,0.0000,
2026-04-11T11:49:35.451563+00:00,doge-updown-5m-1775907900,"Dogecoin Up or Down - April 11, 7:45AM-7:50AM ET",updown,NO,0.8100,6.36,0.28,"DOGE implied DOWN at 19%, edge -6.7%, 25s to close, price neutral (+0.000%)",lost,0.00,2026-04-11T11:50:00+00:00,5m,0,0.0000,
2026-04-11T11:54:36.003140+00:00,xrp-updown-5m-1775908200,"XRP Up or Down - April 11, 7:50AM-7:55AM ET",updown,YES,0.8250,6.10,0.29,"XRP implied UP at 82%, edge +6.9%, 24s to close, price neutral (+0.000%)",won,7.39,2026-04-11T11:55:00+00:00,5m,0,0.0000,
2026-04-11T11:59:36.598555+00:00,btc-updown-5m-1775908500,"Bitcoin Up or Down - April 11, 7:55AM-8:00AM ET",updown,NO,0.8650,6.28,0.31,"BTC implied DOWN at 14%, edge -7.5%, 23s to close",won,7.26,2026-04-11T12:00:00+00:00,5m,0,0.0000,
2026-04-11T12:04:36.438892+00:00,doge-updown-5m-1775908800,"Dogecoin Up or Down - April 11, 8:00AM-8:05AM ET",updown,NO,0.8550,6.20,0.31,"DOGE implied DOWN at 14%, edge -7.3%, 24s to close, price neutral (+0.000%)",won,7.25,2026-04-11T12:05:00+00:00,5m,0,0.0000,
2026-04-11T12:04:36.439439+00:00,bnb-updown-5m-1775908800,"BNB Up or Down - April 11, 8:00AM-8:05AM ET",updown,NO,0.8400,5.32,0.30,"BNB implied DOWN at 16%, edge -7.1%, 24s to close, price neutral (+0.000%)",won,6.33,2026-04-11T12:05:00+00:00,5m,0,0.0000,
2026-04-11T12:04:36.439770+00:00,hype-updown-5m-1775908800,"Hyperliquid Up or Down - April 11, 8:00AM-8:05AM ET",updown,YES,0.8250,4.58,0.29,"HYPE implied UP at 82%, edge +6.9%, 24s to close",won,5.55,2026-04-11T12:05:00+00:00,5m,0,0.0000,
2026-04-11T12:09:37.205172+00:00,bnb-updown-5m-1775909100,"BNB Up or Down - April 11, 8:05AM-8:10AM ET",updown,YES,0.8250,5.49,0.29,"BNB implied UP at 82%, edge +6.9%, 23s to close, price neutral (+0.000%)",won,6.66,2026-04-11T12:10:00+00:00,5m,0,0.0000,
2026-04-11T12:19:37.118113+00:00,doge-updown-5m-1775909700,"Dogecoin Up or Down - April 11, 8:15AM-8:20AM ET",updown,NO,0.8550,7.36,0.31,"DOGE implied DOWN at 14%, edge -7.3%, 23s to close, price neutral (+0.000%)",won,8.61,2026-04-11T12:20:00+00:00,5m,0,0.0000,
2026-04-11T12:24:37.507664+00:00,xrp-updown-5m-1775910000,"XRP Up or Down - April 11, 8:20AM-8:25AM ET",updown,NO,0.8500,6.52,0.30,"XRP implied DOWN at 15%, edge -7.2%, 22s to close",won,7.67,2026-04-11T12:25:00+00:00,5m,0,0.0000,
2026-04-11T12:24:37.508256+00:00,hype-updown-5m-1775910000,"Hyperliquid Up or Down - April 11, 8:20AM-8:25AM ET",updown,NO,0.8450,5.78,0.30,"HYPE implied DOWN at 16%, edge -7.2%, 22s to close",won,6.84,2026-04-11T12:25:00+00:00,5m,0,0.0000,
2026-04-11T12:24:37.508537+00:00,eth-updown-5m-1775910000,"Ethereum Up or Down - April 11, 8:20AM-8:25AM ET",updown,NO,0.8300,4.97,0.29,"ETH implied DOWN at 17%, edge -6.9%, 22s to close",won,5.98,2026-04-11T12:25:00+00:00,5m,0,0.0000,
2026-04-11T12:34:37.994939+00:00,sol-updown-5m-1775910600,"Solana Up or Down - April 11, 8:30AM-8:35AM ET",updown,NO,0.8750,8.10,0.31,"SOL implied DOWN at 12%, edge -7.5%, 22s to close",lost,0.00,2026-04-11T12:35:00+00:00,5m,0,0.0000,
2026-04-11T12:39:38.059481+00:00,bnb-updown-5m-1775910900,"BNB Up or Down - April 11, 8:35AM-8:40AM ET",updown,NO,0.8700,7.32,0.31,"BNB implied DOWN at 13%, edge -7.5%, 22s to close, price neutral (+0.000%)",won,8.41,2026-04-11T12:40:00+00:00,5m,0,0.0000,
2026-04-11T12:44:38.427144+00:00,bnb-updown-5m-1775911200,"BNB Up or Down - April 11, 8:40AM-8:45AM ET",updown,YES,0.8050,5.32,0.27,"BNB implied UP at 80%, edge +6.6%, 22s to close",won,6.61,2026-04-11T12:45:00+00:00,5m,0,0.0000,
2026-04-11T12:49:38.672228+00:00,bnb-updown-5m-1775911500,"BNB Up or Down - April 11, 8:45AM-8:50AM ET",updown,YES,0.8500,7.13,0.30,"BNB implied UP at 85%, edge +7.3%, 21s to close, price neutral (+0.000%)",won,8.38,2026-04-11T12:50:00+00:00,5m,0,0.0000,
2026-04-11T13:04:39.081548+00:00,doge-updown-5m-1775912400,"Dogecoin Up or Down - April 11, 9:00AM-9:05AM ET",updown,NO,0.8700,7.71,0.31,"DOGE implied DOWN at 13%, edge -7.5%, 21s to close, price neutral (+0.000%)",won,8.86,2026-04-11T13:05:00+00:00,5m,0,0.0000,
2026-04-11T13:04:39.082340+00:00,eth-updown-5m-1775912400,"Ethereum Up or Down - April 11, 9:00AM-9:05AM ET",updown,NO,0.8750,6.82,0.31,"ETH implied DOWN at 12%, edge -7.5%, 21s to close, price neutral (+0.000%)",won,7.80,2026-04-11T13:05:00+00:00,5m,0,0.0000,
2026-04-11T13:04:39.082731+00:00,bnb-updown-5m-1775912400,"BNB Up or Down - April 11, 9:00AM-9:05AM ET",updown,NO,0.8750,6.11,0.31,"BNB implied DOWN at 12%, edge -7.5%, 21s to close, price neutral (+0.000%)",won,6.98,2026-04-11T13:05:00+00:00,5m,0,0.0000,
2026-04-11T13:19:39.954297+00:00,doge-updown-5m-1775913300,"Dogecoin Up or Down - April 11, 9:15AM-9:20AM ET",updown,YES,0.8550,7.67,0.31,"DOGE implied UP at 86%, edge +7.3%, 20s to close, price neutral (+0.000%)",won,8.97,2026-04-11T13:20:00+00:00,5m,0,0.0000,
2026-04-11T13:24:40.097999+00:00,sol-updown-5m-1775913600,"Solana Up or Down - April 11, 9:20AM-9:25AM ET",updown,NO,0.8400,6.64,0.30,"SOL implied DOWN at 16%, edge -7.1%, 20s to close",won,7.91,2026-04-11T13:25:00+00:00,5m,0,0.0000,
2026-04-11T13:39:35.721896+00:00,bnb-updown-5m-1775914500,"BNB Up or Down - April 11, 9:35AM-9:40AM ET",updown,YES,0.8500,7.81,0.30,"BNB implied UP at 85%, edge +7.3%, 24s to close, price neutral (+0.000%)",won,9.18,2026-04-11T13:40:00+00:00,5m,0,0.0000,
2026-04-11T13:39:35.722338+00:00,sol-updown-5m-1775914500,"Solana Up or Down - April 11, 9:35AM-9:40AM ET",updown,YES,0.8300,6.60,0.29,"SOL implied UP at 83%, edge +7.0%, 24s to close, price neutral (+0.000%)",won,7.95,2026-04-11T13:40:00+00:00,5m,0,0.0000,
2026-04-11T13:44:35.884678+00:00,hype-updown-5m-1775914800,"Hyperliquid Up or Down - April 11, 9:40AM-9:45AM ET",updown,YES,0.8700,6.77,0.31,"HYPE implied UP at 87%, edge +7.6%, 24s to close",won,7.78,2026-04-11T13:45:00+00:00,5m,0,0.0000,
2026-04-11T13:44:35.885309+00:00,btc-updown-5m-1775914800,"Bitcoin Up or Down - April 11, 9:40AM-9:45AM ET",updown,YES,0.8450,5.61,0.30,"BTC implied UP at 84%, edge +7.2%, 24s to close",won,6.64,2026-04-11T13:45:00+00:00,5m,0,0.0000,
2026-04-11T13:44:35.885746+00:00,doge-updown-5m-1775914800,"Dogecoin Up or Down - April 11, 9:40AM-9:45AM ET",updown,YES,0.8450,5.06,0.30,"DOGE implied UP at 84%, edge +7.2%, 24s to close",won,5.99,2026-04-11T13:45:00+00:00,5m,0,0.0000,
2026-04-11T13:59:36.843325+00:00,hype-updown-5m-1775915700,"Hyperliquid Up or Down - April 11, 9:55AM-10:00AM ET",updown,YES,0.8700,8.90,0.31,"HYPE implied UP at 87%, edge +7.6%, 23s to close",lost,0.00,2026-04-11T14:00:00+00:00,5m,0,0.0000,
2026-04-11T14:09:37.228098+00:00,eth-updown-5m-1775916300,"Ethereum Up or Down - April 11, 10:05AM-10:10AM ET",updown,YES,0.7850,7.52,0.30,"ETH implied UP at 78%, edge +7.3%, 23s to close, price confirms (+0.003%)",won,9.59,2026-04-11T14:10:00+00:00,5m,0,0.0000,
2026-04-11T14:14:37.184676+00:00,eth-updown-5m-1775916600,"Ethereum Up or Down - April 11, 10:10AM-10:15AM ET",updown,NO,0.8550,6.84,0.31,"ETH implied DOWN at 14%, edge -7.3%, 23s to close",won,8.00,2026-04-11T14:15:00+00:00,5m,0,0.0000,
2026-04-11T14:24:37.332718+00:00,btc-updown-5m-1775917200,"Bitcoin Up or Down - April 11, 10:20AM-10:25AM ET",updown,YES,0.8350,7.45,0.29,"BTC implied UP at 84%, edge +7.0%, 23s to close",won,8.92,2026-04-11T14:25:00+00:00,5m,0,0.0000,
2026-04-11T14:34:37.781265+00:00,hype-updown-5m-1775917800,"Hyperliquid Up or Down - April 11, 10:30AM-10:35AM ET",updown,NO,0.8700,8.45,0.31,"HYPE implied DOWN at 13%, edge -7.5%, 22s to close",won,9.72,2026-04-11T14:35:00+00:00,5m,0,0.0000,
2026-04-11T14:39:52.589546+00:00,doge-updown-5m-1775918100,"Dogecoin Up or Down - April 11, 10:35AM-10:40AM ET",updown,NO,0.8450,17.47,0.55,"DOGE implied DOWN at 16%, edge -7.2%, 7s to close, price neutral (+0.000%)",won,20.67,2026-04-11T14:40:00+00:00,5m,0,0.0000,
2026-04-11T14:44:37.992176+00:00,doge-updown-5m-1775918400,"Dogecoin Up or Down - April 11, 10:40AM-10:45AM ET",updown,NO,0.8050,5.48,0.27,"DOGE implied DOWN at 20%, edge -6.6%, 22s to close, price neutral (+0.080%)",won,6.80,2026-04-11T14:45:00+00:00,5m,0,0.0000,
2026-04-11T14:54:38.752584+00:00,sol-updown-5m-1775919000,"Solana Up or Down - April 11, 10:50AM-10:55AM ET",updown,YES,0.8600,8.80,0.31,"SOL implied UP at 86%, edge +7.4%, 21s to close",won,10.23,2026-04-11T14:55:00+00:00,5m,0,0.0000,
2026-04-11T14:59:37.552450+00:00,xrp-updown-5m-1775919300,"XRP Up or Down - April 11, 10:55AM-11:00AM ET",updown,NO,0.8200,7.88,0.28,"XRP implied DOWN at 18%, edge -6.8%, 23s to close",won,9.61,2026-04-11T15:00:00+00:00,5m,0,0.0000,
2026-04-11T15:04:37.865275+00:00,sol-updown-5m-1775919600,"Solana Up or Down - April 11, 11:00AM-11:05AM ET",updown,NO,0.8750,8.30,0.31,"SOL implied DOWN at 12%, edge -7.5%, 23s to close, price neutral (+0.000%)",won,9.48,2026-04-11T15:05:00+00:00,5m,0,0.0000,
2026-04-11T15:09:52.589995+00:00,bnb-updown-5m-1775919900,"BNB Up or Down - April 11, 11:05AM-11:10AM ET",updown,YES,0.8600,20.39,0.56,"BNB implied UP at 86%, edge +7.4%, 8s to close, price neutral (+0.000%)",lost,0.00,2026-04-11T15:10:00+00:00,5m,0,0.0000,
2026-04-11T15:19:37.792457+00:00,bnb-updown-5m-1775920500,"BNB Up or Down - April 11, 11:15AM-11:20AM ET",updown,YES,0.8650,7.26,0.31,"BNB implied UP at 86%, edge +7.5%, 22s to close, price neutral (+0.000%)",won,8.39,2026-04-11T15:20:00+00:00,5m,0,0.0000,
2026-04-11T15:24:37.716317+00:00,sol-updown-5m-1775920800,"Solana Up or Down - April 11, 11:20AM-11:25AM ET",updown,NO,0.8550,6.30,0.31,"SOL implied DOWN at 14%, edge -7.3%, 22s to close",won,7.37,2026-04-11T15:25:00+00:00,5m,0,0.0000,
2026-04-11T15:24:37.721952+00:00,eth-updown-5m-1775920800,"Ethereum Up or Down - April 11, 11:20AM-11:25AM ET",updown,NO,0.8250,5.15,0.29,"ETH implied DOWN at 18%, edge -6.9%, 22s to close",won,6.25,2026-04-11T15:25:00+00:00,5m,0,0.0000,
2026-04-11T15:28:08.283437+00:00,xrp-updown-15m-1775920500,"XRP Up or Down - April 11, 11:15AM-11:30AM ET",updown,NO,0.8600,6.84,0.31,"XRP implied DOWN at 14%, edge -7.4%, 112s to close, price neutral (+0.000%)",lost,0.00,2026-04-11T15:30:00+00:00,15m,0,0.0000,
2026-04-11T15:39:37.834982+00:00,bnb-updown-5m-1775921700,"BNB Up or Down - April 11, 11:35AM-11:40AM ET",updown,NO,0.8250,6.07,0.29,"BNB implied DOWN at 18%, edge -6.9%, 22s to close, price neutral (+0.000%)",won,7.36,2026-04-11T15:40:00+00:00,5m,0,0.0000,
2026-04-11T15:39:37.839001+00:00,sol-updown-5m-1775921700,"Solana Up or Down - April 11, 11:35AM-11:40AM ET",updown,NO,0.8150,5.34,0.28,"SOL implied DOWN at 18%, edge -6.7%, 22s to close, price neutral (+0.000%)",won,6.55,2026-04-11T15:40:00+00:00,5m,0,0.0000,
2026-04-11T15:43:08.497674+00:00,eth-updown-15m-1775921400,"Ethereum Up or Down - April 11, 11:30AM-11:45AM ET",updown,NO,0.8450,5.36,0.30,"ETH implied DOWN at 16%, edge -7.2%, 112s to close, price neutral (+0.000%)",won,6.34,2026-04-11T15:45:00+00:00,15m,0,0.0000,
2026-04-11T15:44:38.967001+00:00,eth-updown-5m-1775922000,"Ethereum Up or Down - April 11, 11:40AM-11:45AM ET",updown,NO,0.8200,4.46,0.28,"ETH implied DOWN at 18%, edge -6.8%, 21s to close",won,5.44,2026-04-11T15:45:00+00:00,5m,0,0.0000,
2026-04-11T15:44:38.972746+00:00,sol-updown-5m-1775922000,"Solana Up or Down - April 11, 11:40AM-11:45AM ET",updown,NO,0.8100,3.92,0.28,"SOL implied DOWN at 19%, edge -6.7%, 22s to close",won,4.84,2026-04-11T15:45:00+00:00,5m,0,0.0000,
2026-04-11T15:49:36.667838+00:00,bnb-updown-5m-1775922300,"BNB Up or Down - April 11, 11:45AM-11:50AM ET",updown,YES,0.8750,6.31,0.31,"BNB implied UP at 88%, edge +7.5%, 24s to close, price neutral (+0.000%)",lost,0.00,2026-04-11T15:50:00+00:00,5m,0,0.0000,
2026-04-11T15:54:36.072713+00:00,sol-updown-5m-1775922600,"Solana Up or Down - April 11, 11:50AM-11:55AM ET",updown,YES,0.8750,6.82,0.31,"SOL implied UP at 88%, edge +7.5%, 24s to close, price neutral (+0.000%)",won,7.80,2026-04-11T15:55:00+00:00,5m,0,0.0000,
2026-04-11T15:59:26.645897+00:00,sol-updown-15m-1775922300,"Solana Up or Down - April 11, 11:45AM-12:00PM ET",updown,YES,0.8650,6.89,0.31,"SOL implied UP at 86%, edge +7.5%, 33s to close",won,7.97,2026-04-11T16:00:00+00:00,15m,0,0.0000,
2026-04-11T15:59:36.686604+00:00,hype-updown-5m-1775922900,"Hyperliquid Up or Down - April 11, 11:55AM-12:00PM ET",updown,YES,0.8450,5.80,0.30,"HYPE implied UP at 84%, edge +7.2%, 23s to close",won,6.87,2026-04-11T16:00:00+00:00,5m,0,0.0000,
2026-04-11T15:59:51.596829+00:00,sol-updown-5m-1775922900,"Solana Up or Down - April 11, 11:55AM-12:00PM ET",updown,YES,0.8400,12.17,0.52,"SOL implied UP at 84%, edge +7.1%, 8s to close, price neutral (+0.000%)",won,14.49,2026-04-11T16:00:00+00:00,5m,0,0.0000,
2026-04-11T16:04:36.718342+00:00,eth-updown-5m-1775923200,"Ethereum Up or Down - April 11, 12:00PM-12:05PM ET",updown,NO,0.8450,4.82,0.30,"ETH implied DOWN at 16%, edge -7.2%, 23s to close, price neutral (+0.000%)",won,5.71,2026-04-11T16:05:00+00:00,5m,0,0.0000,
2026-04-11T16:14:37.300554+00:00,hype-updown-5m-1775923800,"Hyperliquid Up or Down - April 11, 12:10PM-12:15PM ET",updown,YES,0.8750,7.49,0.31,"HYPE implied UP at 88%, edge +7.5%, 23s to close",won,8.56,2026-04-11T16:15:00+00:00,5m,0,0.0000,
2026-04-11T16:24:37.023975+00:00,doge-updown-5m-1775924400,"Dogecoin Up or Down - April 11, 12:20PM-12:25PM ET",updown,NO,0.8150,6.45,0.28,"DOGE implied DOWN at 18%, edge -6.7%, 23s to close, price neutral (+0.000%)",won,7.92,2026-04-11T16:25:00+00:00,5m,0,0.0000,
2026-04-11T16:29:27.412849+00:00,sol-updown-15m-1775924100,"Solana Up or Down - April 11, 12:15PM-12:30PM ET",updown,NO,0.8450,7.25,0.30,"SOL implied DOWN at 16%, edge -7.2%, 33s to close",won,8.58,2026-04-11T16:30:00+00:00,15m,0,0.0000,
2026-04-11T16:29:37.465410+00:00,eth-updown-5m-1775924700,"Ethereum Up or Down - April 11, 12:25PM-12:30PM ET",updown,YES,0.8400,6.44,0.30,"ETH implied UP at 84%, edge +7.1%, 23s to close, price neutral (-0.009%)",won,7.67,2026-04-11T16:30:00+00:00,5m,0,0.0000,
2026-04-11T16:29:37.465745+00:00,sol-updown-5m-1775924700,"Solana Up or Down - April 11, 12:25PM-12:30PM ET",updown,YES,0.8250,5.54,0.29,"SOL implied UP at 82%, edge +6.9%, 23s to close, price neutral (+0.000%)",won,6.72,2026-04-11T16:30:00+00:00,5m,0,0.0000,
2026-04-11T16:34:37.698000+00:00,sol-updown-5m-1775925000,"Solana Up or Down - April 11, 12:30PM-12:35PM ET",updown,YES,0.8700,6.70,0.31,"SOL implied UP at 87%, edge +7.6%, 22s to close",won,7.70,2026-04-11T16:35:00+00:00,5m,0,0.0000,
2026-04-11T16:39:37.736036+00:00,doge-updown-5m-1775925300,"Dogecoin Up or Down - April 11, 12:35PM-12:40PM ET",updown,YES,0.8650,7.40,0.31,"DOGE implied UP at 86%, edge +7.5%, 22s to close",won,8.56,2026-04-11T16:40:00+00:00,5m,0,0.0000,
2026-04-11T16:39:37.739528+00:00,bnb-updown-5m-1775925300,"BNB Up or Down - April 11, 12:35PM-12:40PM ET",updown,YES,0.8050,5.47,0.27,"BNB implied UP at 80%, edge +6.6%, 22s to close",won,6.80,2026-04-11T16:40:00+00:00,5m,0,0.0000,
2026-04-11T16:44:37.876354+00:00,hype-updown-5m-1775925600,"Hyperliquid Up or Down - April 11, 12:40PM-12:45PM ET",updown,YES,0.8050,5.66,0.27,"HYPE implied UP at 80%, edge +6.6%, 22s to close",won,7.03,2026-04-11T16:45:00+00:00,5m,0,0.0000,
2026-04-11T16:49:38.203740+00:00,bnb-updown-5m-1775925900,"BNB Up or Down - April 11, 12:45PM-12:50PM ET",updown,NO,0.8250,6.95,0.29,"BNB implied DOWN at 18%, edge -6.9%, 22s to close, price neutral (+0.000%)",won,8.42,2026-04-11T16:50:00+00:00,5m,0,0.0000,
2026-04-11T16:54:38.007189+00:00,doge-updown-5m-1775926200,"Dogecoin Up or Down - April 11, 12:50PM-12:55PM ET",updown,NO,0.8550,7.65,0.31,"DOGE implied DOWN at 14%, edge -7.3%, 22s to close",won,8.94,2026-04-11T16:55:00+00:00,5m,0,0.0000,
2026-04-11T16:59:38.298407+00:00,doge-updown-5m-1775926500,"Dogecoin Up or Down - April 11, 12:55PM-1:00PM ET",updown,YES,0.8550,8.63,0.31,"DOGE implied UP at 86%, edge +7.3%, 22s to close",lost,0.00,2026-04-11T17:00:00+00:00,5m,0,0.0000,
2026-04-11T17:09:38.691031+00:00,hype-updown-5m-1775927100,"Hyperliquid Up or Down - April 11, 1:05PM-1:10PM ET",updown,NO,0.8750,8.04,0.31,"HYPE implied DOWN at 12%, edge -7.5%, 21s to close",won,9.19,2026-04-11T17:10:00+00:00,5m,0,0.0000,
2026-04-11T17:09:38.694402+00:00,sol-updown-5m-1775927100,"Solana Up or Down - April 11, 1:05PM-1:10PM ET",updown,NO,0.8350,6.52,0.29,"SOL implied DOWN at 16%, edge -7.0%, 21s to close",won,7.81,2026-04-11T17:10:00+00:00,5m,0,0.0000,
2026-04-11T17:14:28.874143+00:00,eth-updown-15m-1775926800,"Ethereum Up or Down - April 11, 1:00PM-1:15PM ET",updown,NO,0.8550,8.00,0.31,"ETH implied DOWN at 14%, edge -7.3%, 31s to close",won,9.36,2026-04-11T17:15:00+00:00,15m,0,0.0000,
2026-04-11T17:19:39.178375+00:00,hype-updown-5m-1775927700,"Hyperliquid Up or Down - April 11, 1:15PM-1:20PM ET",updown,NO,0.8500,8.02,0.30,"HYPE implied DOWN at 15%, edge -7.2%, 21s to close",won,9.43,2026-04-11T17:20:00+00:00,5m,0,0.0000,
2026-04-11T17:19:39.181369+00:00,xrp-updown-5m-1775927700,"XRP Up or Down - April 11, 1:15PM-1:20PM ET",updown,NO,0.8200,6.56,0.28,"XRP implied DOWN at 18%, edge -6.8%, 21s to close, price neutral (+0.000%)",won,8.00,2026-04-11T17:20:00+00:00,5m,0,0.0000,
2026-04-11T17:24:39.313539+00:00,doge-updown-5m-1775928000,"Dogecoin Up or Down - April 11, 1:20PM-1:25PM ET",updown,NO,0.8300,6.16,0.29,"DOGE implied DOWN at 17%, edge -6.9%, 21s to close",lost,0.00,2026-04-11T17:25:00+00:00,5m,0,0.0000,
2026-04-11T17:29:39.351613+00:00,eth-updown-15m-1775927700,"Ethereum Up or Down - April 11, 1:15PM-1:30PM ET",updown,YES,0.8600,11.62,0.40,"ETH implied UP at 86%, edge +7.4%, 21s to close, price neutral (-0.004%)",won,13.51,2026-04-11T17:30:00+00:00,15m,0,0.0000,
2026-04-11T17:29:39.352210+00:00,xrp-updown-5m-1775928300,"XRP Up or Down - April 11, 1:25PM-1:30PM ET",updown,NO,0.8300,6.13,0.29,"XRP implied DOWN at 17%, edge -6.9%, 21s to close, price neutral (+0.000%)",won,7.38,2026-04-11T17:30:00+00:00,5m,0,0.0000,
2026-04-11T17:34:29.426459+00:00,xrp-updown-5m-1775928600,"XRP Up or Down - April 11, 1:30PM-1:35PM ET",updown,YES,0.8200,5.38,0.28,"XRP implied UP at 82%, edge +6.8%, 31s to close",won,6.56,2026-04-11T17:35:00+00:00,5m,0,0.0000,
2026-04-11T17:44:29.975496+00:00,doge-updown-5m-1775929200,"Dogecoin Up or Down - April 11, 1:40PM-1:45PM ET",updown,NO,0.8400,7.87,0.30,"DOGE implied DOWN at 16%, edge -7.1%, 30s to close",won,9.37,2026-04-11T17:45:00+00:00,5m,0,0.0000,
2026-04-11T17:59:30.508276+00:00,xrp-updown-5m-1775930100,"XRP Up or Down - April 11, 1:55PM-2:00PM ET",updown,NO,0.8150,7.39,0.28,"XRP implied DOWN at 18%, edge -6.7%, 29s to close",won,9.06,2026-04-11T18:00:00+00:00,5m,0,0.0000,
2026-04-11T18:04:35.668916+00:00,bnb-updown-5m-1775930400,"BNB Up or Down - April 11, 2:00PM-2:05PM ET",updown,NO,0.8200,8.40,0.33,"BNB implied DOWN at 18%, edge -7.8%, 24s to close, price confirms (-0.003%)",won,10.25,2026-04-11T18:05:00+00:00,5m,0,0.0000,
2026-04-11T18:04:35.672213+00:00,sol-updown-5m-1775930400,"Solana Up or Down - April 11, 2:00PM-2:05PM ET",updown,NO,0.8450,6.59,0.30,"SOL implied DOWN at 16%, edge -7.2%, 24s to close, price neutral (+0.000%)",won,7.80,2026-04-11T18:05:00+00:00,5m,0,0.0000,
2026-04-11T18:09:35.745358+00:00,bnb-updown-5m-1775930700,"BNB Up or Down - April 11, 2:05PM-2:10PM ET",updown,YES,0.8100,7.52,0.32,"BNB implied UP at 81%, edge +7.7%, 24s to close, price confirms (+0.005%)",won,9.29,2026-04-11T18:10:00+00:00,5m,0,0.0000,
2026-04-11T18:14:36.058394+00:00,eth-updown-5m-1775931000,"Ethereum Up or Down - April 11, 2:10PM-2:15PM ET",updown,NO,0.7750,8.68,0.30,"ETH implied DOWN at 22%, edge -7.1%, 24s to close, price confirms (-0.002%)",lost,0.00,2026-04-11T18:15:00+00:00,5m,0,0.0000,
2026-04-11T18:14:36.061903+00:00,xrp-updown-5m-1775931000,"XRP Up or Down - April 11, 2:10PM-2:15PM ET",updown,NO,0.8300,7.55,0.29,"XRP implied DOWN at 17%, edge -6.9%, 24s to close, price neutral (+0.000%)",won,9.10,2026-04-11T18:15:00+00:00,5m,0,0.0000,
2026-04-11T18:29:36.669570+00:00,doge-updown-5m-1775931900,"Dogecoin Up or Down - April 11, 2:25PM-2:30PM ET",updown,YES,0.8750,8.63,0.31,"DOGE implied UP at 88%, edge +7.5%, 23s to close",won,9.86,2026-04-11T18:30:00+00:00,5m,0,0.0000,
2026-04-11T18:29:36.675065+00:00,hype-updown-5m-1775931900,"Hyperliquid Up or Down - April 11, 2:25PM-2:30PM ET",updown,YES,0.8150,6.56,0.28,"HYPE implied UP at 82%, edge +6.7%, 23s to close",lost,0.00,2026-04-11T18:30:00+00:00,5m,0,0.0000,
2026-04-11T18:49:37.183676+00:00,bnb-updown-5m-1775933100,"BNB Up or Down - April 11, 2:45PM-2:50PM ET",updown,YES,0.8450,7.55,0.30,"BNB implied UP at 84%, edge +7.2%, 23s to close, price neutral (+0.000%)",won,8.94,2026-04-11T18:50:00+00:00,5m,0,0.0000,
2026-04-11T18:59:28.007111+00:00,xrp-updown-15m-1775933100,"XRP Up or Down - April 11, 2:45PM-3:00PM ET",updown,NO,0.8450,7.69,0.30,"XRP implied DOWN at 16%, edge -7.2%, 32s to close",lost,0.00,2026-04-11T19:00:00+00:00,15m,0,0.0000,
2026-04-11T18:59:42.766814+00:00,sol-updown-15m-1775933100,"Solana Up or Down - April 11, 2:45PM-3:00PM ET",updown,NO,0.8300,12.36,0.44,"SOL implied DOWN at 17%, edge -6.9%, 17s to close, price neutral (+0.000%)",lost,0.00,2026-04-11T19:00:00+00:00,15m,0,0.0000,
2026-04-11T19:04:38.207553+00:00,hype-updown-5m-1775934000,"Hyperliquid Up or Down - April 11, 3:00PM-3:05PM ET",updown,NO,0.8650,6.09,0.31,"HYPE implied DOWN at 14%, edge -7.5%, 22s to close",won,7.04,2026-04-11T19:05:00+00:00,5m,0,0.0000,
2026-04-11T19:09:38.252332+00:00,bnb-updown-5m-1775934300,"BNB Up or Down - April 11, 3:05PM-3:10PM ET",updown,YES,0.8300,4.89,0.29,"BNB implied UP at 83%, edge +7.0%, 22s to close",won,5.89,2026-04-11T19:10:00+00:00,5m,0,0.0000,
2026-04-11T19:14:38.530014+00:00,hype-updown-5m-1775934600,"Hyperliquid Up or Down - April 11, 3:10PM-3:15PM ET",updown,NO,0.8250,5.55,0.29,"HYPE implied DOWN at 18%, edge -6.9%, 21s to close",won,6.72,2026-04-11T19:15:00+00:00,5m,0,0.0000,
2026-04-11T19:14:38.530968+00:00,doge-updown-5m-1775934600,"Dogecoin Up or Down - April 11, 3:10PM-3:15PM ET",updown,NO,0.8150,4.87,0.28,"DOGE implied DOWN at 18%, edge -6.7%, 21s to close, price neutral (+0.000%)",won,5.98,2026-04-11T19:15:00+00:00,5m,0,0.0000,
2026-04-11T19:19:38.566361+00:00,xrp-updown-5m-1775934900,"XRP Up or Down - April 11, 3:15PM-3:20PM ET",updown,YES,0.8700,5.91,0.31,"XRP implied UP at 87%, edge +7.6%, 21s to close",lost,0.00,2026-04-11T19:20:00+00:00,5m,0,0.0000,
2026-04-11T19:24:38.855213+00:00,sol-updown-5m-1775935200,"Solana Up or Down - April 11, 3:20PM-3:25PM ET",updown,NO,0.8750,5.94,0.31,"SOL implied DOWN at 12%, edge -7.5%, 21s to close",won,6.79,2026-04-11T19:25:00+00:00,5m,0,0.0000,
2026-04-11T19:24:38.858898+00:00,xrp-updown-5m-1775935200,"XRP Up or Down - April 11, 3:20PM-3:25PM ET",updown,NO,0.8750,5.32,0.31,"XRP implied DOWN at 12%, edge -7.5%, 21s to close",won,6.08,2026-04-11T19:25:00+00:00,5m,0,0.0000,
2026-04-11T19:29:29.019114+00:00,sol-updown-15m-1775934900,"Solana Up or Down - April 11, 3:15PM-3:30PM ET",updown,YES,0.8550,4.59,0.31,"SOL implied UP at 86%, edge +7.3%, 31s to close",won,5.37,2026-04-11T19:30:00+00:00,15m,0,0.0000,
2026-04-11T19:29:39.053192+00:00,eth-updown-5m-1775935500,"Ethereum Up or Down - April 11, 3:25PM-3:30PM ET",updown,YES,0.8350,3.88,0.29,"ETH implied UP at 84%, edge +7.0%, 21s to close, price neutral (+0.000%)",won,4.65,2026-04-11T19:30:00+00:00,5m,0,0.0000,
2026-04-11T19:39:29.471188+00:00,eth-updown-5m-1775936100,"Ethereum Up or Down - April 11, 3:35PM-3:40PM ET",updown,NO,0.8450,5.87,0.30,"ETH implied DOWN at 16%, edge -7.2%, 31s to close",won,6.94,2026-04-11T19:40:00+00:00,5m,0,0.0000,
2026-04-11T19:49:29.788541+00:00,xrp-updown-5m-1775936700,"XRP Up or Down - April 11, 3:45PM-3:50PM ET",updown,NO,0.8500,6.07,0.30,"XRP implied DOWN at 15%, edge -7.2%, 30s to close, price neutral (+0.000%)",won,7.14,2026-04-11T19:50:00+00:00,5m,0,0.0000,
2026-04-11T19:49:29.791651+00:00,bnb-updown-5m-1775936700,"BNB Up or Down - April 11, 3:45PM-3:50PM ET",updown,NO,0.8250,5.04,0.29,"BNB implied DOWN at 18%, edge -6.9%, 30s to close, price neutral (+0.000%)",won,6.11,2026-04-11T19:50:00+00:00,5m,0,0.0000,
2026-04-11T19:54:30.106495+00:00,eth-updown-5m-1775937000,"Ethereum Up or Down - April 11, 3:50PM-3:55PM ET",updown,NO,0.7750,6.12,0.30,"ETH implied DOWN at 22%, edge -7.1%, 30s to close, price confirms (-0.018%)",won,7.89,2026-04-11T19:55:00+00:00,5m,0,0.0000,
2026-04-11T20:09:36.039666+00:00,doge-updown-5m-1775937900,"Dogecoin Up or Down - April 11, 4:05PM-4:10PM ET",updown,YES,0.8350,6.16,0.29,"DOGE implied UP at 84%, edge +7.0%, 24s to close, price neutral (+0.000%)",won,7.38,2026-04-11T20:10:00+00:00,5m,0,0.0000,
2026-04-11T20:19:36.694768+00:00,bnb-updown-5m-1775938500,"BNB Up or Down - April 11, 4:15PM-4:20PM ET",updown,YES,0.8550,6.68,0.31,"BNB implied UP at 86%, edge +7.3%, 24s to close, price neutral (+0.000%)",won,7.81,2026-04-11T20:20:00+00:00,5m,0,0.0000,
2026-04-11T20:29:37.146524+00:00,hype-updown-5m-1775939100,"Hyperliquid Up or Down - April 11, 4:25PM-4:30PM ET",updown,NO,0.8550,6.80,0.31,"HYPE implied DOWN at 14%, edge -7.3%, 23s to close",lost,0.00,2026-04-11T20:30:00+00:00,5m,0,0.0000,
2026-04-11T20:44:37.573605+00:00,hype-updown-5m-1775940000,"Hyperliquid Up or Down - April 11, 4:40PM-4:45PM ET",updown,YES,0.8650,6.30,0.31,"HYPE implied UP at 86%, edge +7.5%, 22s to close",won,7.28,2026-04-11T20:45:00+00:00,5m,0,0.0000,
2026-04-11T20:44:37.579167+00:00,bnb-updown-5m-1775940000,"BNB Up or Down - April 11, 4:40PM-4:45PM ET",updown,YES,0.8250,4.97,0.29,"BNB implied UP at 82%, edge +6.9%, 22s to close",won,6.03,2026-04-11T20:45:00+00:00,5m,0,0.0000,
2026-04-11T20:54:38.058659+00:00,xrp-updown-5m-1775940600,"XRP Up or Down - April 11, 4:50PM-4:55PM ET",updown,NO,0.8650,6.51,0.31,"XRP implied DOWN at 14%, edge -7.5%, 22s to close, price neutral (+0.000%)",won,7.52,2026-04-11T20:55:00+00:00,5m,0,0.0000,
2026-04-11T20:59:28.386341+00:00,sol-updown-15m-1775940300,"Solana Up or Down - April 11, 4:45PM-5:00PM ET",updown,YES,0.8300,5.93,0.29,"SOL implied UP at 83%, edge +7.0%, 32s to close",won,7.15,2026-04-11T21:00:00+00:00,15m,0,0.0000,
2026-04-11T20:59:38.203643+00:00,bnb-updown-5m-1775940900,"BNB Up or Down - April 11, 4:55PM-5:00PM ET",updown,NO,0.8450,5.64,0.30,"BNB implied DOWN at 16%, edge -7.2%, 22s to close",won,6.67,2026-04-11T21:00:00+00:00,5m,0,0.0000,
2026-04-11T21:04:38.442137+00:00,doge-updown-5m-1775941200,"Dogecoin Up or Down - April 11, 5:00PM-5:05PM ET",updown,NO,0.8450,5.79,0.30,"DOGE implied DOWN at 16%, edge -7.2%, 22s to close",won,6.85,2026-04-11T21:05:00+00:00,5m,0,0.0000,
2026-04-11T21:04:38.447855+00:00,sol-updown-5m-1775941200,"Solana Up or Down - April 11, 5:00PM-5:05PM ET",updown,NO,0.8450,5.22,0.30,"SOL implied DOWN at 16%, edge -7.2%, 22s to close",lost,0.00,2026-04-11T21:05:00+00:00,5m,0,0.0000,
2026-04-11T21:04:38.447998+00:00,xrp-updown-5m-1775941200,"XRP Up or Down - April 11, 5:00PM-5:05PM ET",updown,NO,0.8450,4.71,0.30,"XRP implied DOWN at 16%, edge -7.2%, 22s to close",won,5.57,2026-04-11T21:05:00+00:00,5m,0,0.0000,
2026-04-11T21:04:38.448100+00:00,hype-updown-5m-1775941200,"Hyperliquid Up or Down - April 11, 5:00PM-5:05PM ET",updown,YES,0.8150,3.85,0.28,"HYPE implied UP at 82%, edge +6.7%, 22s to close",won,4.73,2026-04-11T21:05:00+00:00,5m,0,0.0000,
2026-04-11T21:09:38.796419+00:00,bnb-updown-5m-1775941500,"BNB Up or Down - April 11, 5:05PM-5:10PM ET",updown,YES,0.8750,4.83,0.31,"BNB implied UP at 88%, edge +7.5%, 21s to close",won,5.52,2026-04-11T21:10:00+00:00,5m,0,0.0000,
2026-04-11T21:09:38.797233+00:00,sol-updown-5m-1775941500,"Solana Up or Down - April 11, 5:05PM-5:10PM ET",updown,YES,0.8600,4.24,0.31,"SOL implied UP at 86%, edge +7.4%, 21s to close",won,4.93,2026-04-11T21:10:00+00:00,5m,0,0.0000,
2026-04-11T21:09:38.800212+00:00,hype-updown-5m-1775941500,"Hyperliquid Up or Down - April 11, 5:05PM-5:10PM ET",updown,YES,0.8100,3.24,0.28,"HYPE implied UP at 81%, edge +6.7%, 21s to close",lost,0.00,2026-04-11T21:10:00+00:00,5m,0,0.0000,
2026-04-11T21:14:28.880228+00:00,sol-updown-15m-1775941200,"Solana Up or Down - April 11, 5:00PM-5:15PM ET",updown,YES,0.8150,4.53,0.28,"SOL implied UP at 82%, edge +6.7%, 31s to close",won,5.56,2026-04-11T21:15:00+00:00,15m,0,0.0000,
2026-04-11T21:14:38.653313+00:00,doge-updown-5m-1775941800,"Dogecoin Up or Down - April 11, 5:10PM-5:15PM ET",updown,NO,0.8250,4.27,0.29,"DOGE implied DOWN at 18%, edge -6.9%, 21s to close",lost,0.00,2026-04-11T21:15:00+00:00,5m,0,0.0000,
2026-04-11T21:19:38.967850+00:00,bnb-updown-5m-1775942100,"BNB Up or Down - April 11, 5:15PM-5:20PM ET",updown,NO,0.8450,5.16,0.30,"BNB implied DOWN at 16%, edge -7.2%, 21s to close, price neutral (+0.000%)",won,6.10,2026-04-11T21:20:00+00:00,5m,0,0.0000,
2026-04-11T21:24:29.349144+00:00,hype-updown-5m-1775942400,"Hyperliquid Up or Down - April 11, 5:20PM-5:25PM ET",updown,NO,0.8400,5.12,0.30,"HYPE implied DOWN at 16%, edge -7.1%, 31s to close",won,6.09,2026-04-11T21:25:00+00:00,5m,0,0.0000,
2026-04-11T21:24:29.352501+00:00,sol-updown-5m-1775942400,"Solana Up or Down - April 11, 5:20PM-5:25PM ET",updown,NO,0.8400,4.62,0.30,"SOL implied DOWN at 16%, edge -7.1%, 31s to close",won,5.50,2026-04-11T21:25:00+00:00,5m,0,0.0000,
2026-04-11T21:29:09.650887+00:00,xrp-updown-15m-1775942100,"XRP Up or Down - April 11, 5:15PM-5:30PM ET",updown,NO,0.8200,4.96,0.28,"XRP implied DOWN at 18%, edge -6.8%, 50s to close",won,6.05,2026-04-11T21:30:00+00:00,15m,0,0.0000,
2026-04-11T21:34:29.824850+00:00,eth-updown-5m-1775943000,"Ethereum Up or Down - April 11, 5:30PM-5:35PM ET",updown,YES,0.8150,4.98,0.28,"ETH implied UP at 82%, edge +6.7%, 30s to close, price neutral (+0.000%)",won,6.11,2026-04-11T21:35:00+00:00,5m,0,0.0000,
2026-04-11T21:44:30.977206+00:00,bnb-updown-5m-1775943600,"BNB Up or Down - April 11, 5:40PM-5:45PM ET",updown,YES,0.8550,6.39,0.31,"BNB implied UP at 86%, edge +7.3%, 29s to close, price neutral (+0.000%)",won,7.48,2026-04-11T21:45:00+00:00,5m,0,0.0000,
2026-04-11T21:49:35.850084+00:00,bnb-updown-5m-1775943900,"BNB Up or Down - April 11, 5:45PM-5:50PM ET",updown,YES,0.8300,5.31,0.29,"BNB implied UP at 83%, edge +7.0%, 25s to close",lost,0.00,2026-04-11T21:50:00+00:00,5m,0,0.0000,
2026-04-11T21:54:36.189400+00:00,doge-updown-5m-1775944200,"Dogecoin Up or Down - April 11, 5:50PM-5:55PM ET",updown,YES,0.8700,6.24,0.31,"DOGE implied UP at 87%, edge +7.6%, 24s to close, price neutral (+0.000%)",won,7.17,2026-04-11T21:55:00+00:00,5m,0,0.0000,
2026-04-11T21:54:36.190091+00:00,eth-updown-5m-1775944200,"Ethereum Up or Down - April 11, 5:50PM-5:55PM ET",updown,YES,0.8650,5.50,0.31,"ETH implied UP at 86%, edge +7.5%, 24s to close, price neutral (+0.000%)",won,6.36,2026-04-11T21:55:00+00:00,5m,0,0.0000,
2026-04-11T21:59:06.074215+00:00,sol-updown-15m-1775943900,"Solana Up or Down - April 11, 5:45PM-6:00PM ET",updown,YES,0.8750,4.95,0.31,"SOL implied UP at 88%, edge +7.5%, 54s to close, price neutral (-0.012%)",won,5.66,2026-04-11T22:00:00+00:00,15m,0,0.0000,
2026-04-11T22:19:42.010924+00:00,doge-updown-5m-1775945700,"Dogecoin Up or Down - April 11, 6:15PM-6:20PM ET",updown,YES,0.8400,7.16,0.34,"DOGE implied UP at 84%, edge +7.1%, 18s to close",won,8.53,2026-04-11T22:20:00+00:00,5m,0,0.0000,
2026-04-11T22:29:27.859727+00:00,sol-updown-15m-1775945700,"Solana Up or Down - April 11, 6:15PM-6:30PM ET",updown,YES,0.8550,6.35,0.31,"SOL implied UP at 86%, edge +7.3%, 32s to close",won,7.43,2026-04-11T22:30:00+00:00,15m,0,0.0000,
2026-04-11T22:34:38.010544+00:00,eth-updown-5m-1775946600,"Ethereum Up or Down - April 11, 6:30PM-6:35PM ET",updown,NO,0.8550,5.71,0.31,"ETH implied DOWN at 14%, edge -7.3%, 22s to close",won,6.68,2026-04-11T22:35:00+00:00,5m,0,0.0000,
2026-04-11T22:39:38.193226+00:00,eth-updown-5m-1775946900,"Ethereum Up or Down - April 11, 6:35PM-6:40PM ET",updown,NO,0.8550,7.95,0.35,"ETH implied DOWN at 14%, edge -8.3%, 22s to close, price confirms (-0.041%)",won,9.30,2026-04-11T22:40:00+00:00,5m,0,0.0000,
2026-04-11T22:44:38.312801+00:00,bnb-updown-5m-1775947200,"BNB Up or Down - April 11, 6:40PM-6:45PM ET",updown,YES,0.8400,6.39,0.30,"BNB implied UP at 84%, edge +7.1%, 22s to close",won,7.61,2026-04-11T22:45:00+00:00,5m,0,0.0000,
2026-04-11T22:54:38.773058+00:00,sol-updown-5m-1775947800,"Solana Up or Down - April 11, 6:50PM-6:55PM ET",updown,NO,0.8450,6.61,0.30,"SOL implied DOWN at 16%, edge -7.2%, 21s to close",won,7.83,2026-04-11T22:55:00+00:00,5m,0,0.0000,
2026-04-11T22:59:29.209358+00:00,eth-updown-15m-1775947500,"Ethereum Up or Down - April 11, 6:45PM-7:00PM ET",updown,NO,0.8350,5.78,0.29,"ETH implied DOWN at 16%, edge -7.0%, 31s to close",lost,0.00,2026-04-11T23:00:00+00:00,15m,0,0.0000,
2026-04-11T22:59:38.769882+00:00,eth-updown-5m-1775948100,"Ethereum Up or Down - April 11, 6:55PM-7:00PM ET",updown,YES,0.8350,5.23,0.29,"ETH implied UP at 84%, edge +7.0%, 21s to close",won,6.26,2026-04-11T23:00:00+00:00,5m,0,0.0000,
2026-04-11T22:59:49.394626+00:00,xrp-updown-15m-1775947500,"XRP Up or Down - April 11, 6:45PM-7:00PM ET",updown,NO,0.8700,14.01,0.60,"XRP implied DOWN at 13%, edge -7.5%, 11s to close",won,16.11,2026-04-11T23:00:00+00:00,15m,0,0.0000,
2026-04-11T23:04:29.964061+00:00,doge-updown-5m-1775948400,"Dogecoin Up or Down - April 11, 7:00PM-7:05PM ET",updown,NO,0.8700,6.90,0.33,"DOGE implied DOWN at 13%, edge -8.0%, 30s to close, price confirms (-0.001%)",won,7.93,2026-04-11T23:05:00+00:00,5m,0,0.0000,
2026-04-11T23:09:29.593077+00:00,bnb-updown-5m-1775948700,"BNB Up or Down - April 11, 7:05PM-7:10PM ET",updown,NO,0.8450,7.05,0.34,"BNB implied DOWN at 16%, edge -8.2%, 30s to close, price confirms (-0.074%)",won,8.34,2026-04-11T23:10:00+00:00,5m,0,0.0000,
2026-04-11T23:19:29.873789+00:00,eth-updown-5m-1775949300,"Ethereum Up or Down - April 11, 7:15PM-7:20PM ET",updown,YES,0.8250,6.28,0.29,"ETH implied UP at 82%, edge +6.9%, 30s to close, price neutral (+0.000%)",won,7.62,2026-04-11T23:20:00+00:00,5m,0,0.0000,
2026-04-11T23:29:30.956311+00:00,doge-updown-5m-1775949900,"Dogecoin Up or Down - April 11, 7:25PM-7:30PM ET",updown,NO,0.8050,5.99,0.27,"DOGE implied DOWN at 20%, edge -6.6%, 29s to close",won,7.44,2026-04-11T23:30:00+00:00,5m,0,0.0000,
2026-04-11T23:44:26.213675+00:00,eth-updown-15m-1775950200,"Ethereum Up or Down - April 11, 7:30PM-7:45PM ET",updown,NO,0.8200,6.43,0.28,"ETH implied DOWN at 18%, edge -6.8%, 34s to close",won,7.85,2026-04-11T23:45:00+00:00,15m,0,0.0000,
2026-04-11T23:44:36.156737+00:00,bnb-updown-5m-1775950800,"BNB Up or Down - April 11, 7:40PM-7:45PM ET",updown,NO,0.8350,6.14,0.29,"BNB implied DOWN at 16%, edge -7.0%, 24s to close",won,7.36,2026-04-11T23:45:00+00:00,5m,0,0.0000,
2026-04-11T23:49:38.436263+00:00,doge-updown-5m-1775951100,"Dogecoin Up or Down - April 11, 7:45PM-7:50PM ET",updown,YES,0.8750,6.96,0.31,"DOGE implied UP at 88%, edge +7.5%, 22s to close",won,7.95,2026-04-11T23:50:00+00:00,5m,0,0.0000,
2026-04-11T23:49:38.437232+00:00,xrp-updown-5m-1775951100,"XRP Up or Down - April 11, 7:45PM-7:50PM ET",updown,YES,0.8600,6.10,0.31,"XRP implied UP at 86%, edge +7.4%, 22s to close",lost,0.00,2026-04-11T23:50:00+00:00,5m,0,0.0000,
2026-04-11T23:49:38.437396+00:00,bnb-updown-5m-1775951100,"BNB Up or Down - April 11, 7:45PM-7:50PM ET",updown,YES,0.8450,5.23,0.30,"BNB implied UP at 84%, edge +7.2%, 22s to close",won,6.19,2026-04-11T23:50:00+00:00,5m,0,0.0000,
2026-04-11T23:59:38.864772+00:00,eth-updown-5m-1775951700,"Ethereum Up or Down - April 11, 7:55PM-8:00PM ET",updown,YES,0.8150,6.19,0.28,"ETH implied UP at 82%, edge +6.7%, 21s to close",won,7.60,2026-04-12T00:00:00+00:00,5m,0,0.0000,
2026-04-12T00:04:39.080985+00:00,eth-updown-5m-1775952000,"Ethereum Up or Down - April 11, 8:00PM-8:05PM ET",updown,NO,0.8450,6.22,0.30,"ETH implied DOWN at 16%, edge -7.2%, 21s to close",won,7.36,2026-04-12T00:05:00+00:00,5m,0,0.0000,
2026-04-12T00:14:19.302052+00:00,xrp-updown-15m-1775952000,"XRP Up or Down - April 11, 8:00PM-8:15PM ET",updown,NO,0.8100,6.31,0.28,"XRP implied DOWN at 19%, edge -6.7%, 41s to close",won,7.79,2026-04-12T00:15:00+00:00,15m,0,0.0000,
2026-04-12T00:14:39.374320+00:00,eth-updown-5m-1775952600,"Ethereum Up or Down - April 11, 8:10PM-8:15PM ET",updown,YES,0.8050,5.66,0.27,"ETH implied UP at 80%, edge +6.6%, 21s to close",won,7.03,2026-04-12T00:15:00+00:00,5m,0,0.0000,
2026-04-12T00:19:29.438782+00:00,bnb-updown-5m-1775952900,"BNB Up or Down - April 11, 8:15PM-8:20PM ET",updown,NO,0.8250,5.53,0.29,"BNB implied DOWN at 18%, edge -6.9%, 31s to close, price neutral (+0.000%)",won,6.71,2026-04-12T00:20:00+00:00,5m,0,0.0000,
2026-04-12T00:24:29.613054+00:00,hype-updown-5m-1775953200,"Hyperliquid Up or Down - April 11, 8:20PM-8:25PM ET",updown,YES,0.8350,6.60,0.29,"HYPE implied UP at 84%, edge +7.0%, 30s to close",won,7.90,2026-04-12T00:25:00+00:00,5m,0,0.0000,
2026-04-12T00:39:30.051220+00:00,eth-updown-5m-1775954100,"Ethereum Up or Down - April 11, 8:35PM-8:40PM ET",updown,YES,0.8750,8.12,0.31,"ETH implied UP at 88%, edge +7.5%, 30s to close, price neutral (+0.000%)",lost,0.00,2026-04-12T00:40:00+00:00,5m,0,0.0000,
2026-04-12T00:39:30.051916+00:00,doge-updown-5m-1775954100,"Dogecoin Up or Down - April 11, 8:35PM-8:40PM ET",updown,YES,0.8250,6.38,0.29,"DOGE implied UP at 82%, edge +6.9%, 30s to close, price neutral (+0.000%)",lost,0.00,2026-04-12T00:40:00+00:00,5m,0,0.0000,
2026-04-12T00:44:35.947671+00:00,eth-updown-5m-1775954400,"Ethereum Up or Down - April 11, 8:40PM-8:45PM ET",updown,NO,0.8250,5.79,0.29,"ETH implied DOWN at 18%, edge -6.9%, 24s to close, price neutral (+0.000%)",won,7.02,2026-04-12T00:45:00+00:00,5m,0,0.0000,
2026-04-12T00:59:36.688894+00:00,eth-updown-5m-1775955300,"Ethereum Up or Down - April 11, 8:55PM-9:00PM ET",updown,YES,0.8250,7.24,0.33,"ETH implied UP at 82%, edge +7.9%, 24s to close, price confirms (+0.015%)",won,8.77,2026-04-12T01:00:00+00:00,5m,0,0.0000,
2026-04-12T00:59:36.689564+00:00,xrp-updown-5m-1775955300,"XRP Up or Down - April 11, 8:55PM-9:00PM ET",updown,YES,0.8650,5.94,0.31,"XRP implied UP at 86%, edge +7.5%, 23s to close",won,6.87,2026-04-12T01:00:00+00:00,5m,0,0.0000,
2026-04-12T01:29:08.005881+00:00,eth-updown-15m-1775956500,"Ethereum Up or Down - April 11, 9:15PM-9:30PM ET",updown,NO,0.8050,5.73,0.27,"ETH implied DOWN at 20%, edge -6.6%, 52s to close, price neutral (+0.004%)",won,7.12,2026-04-12T01:30:00+00:00,15m,0,0.0000,
2026-04-12T01:29:38.044272+00:00,hype-updown-5m-1775957100,"Hyperliquid Up or Down - April 11, 9:25PM-9:30PM ET",updown,NO,0.8350,5.79,0.29,"HYPE implied DOWN at 16%, edge -7.0%, 22s to close",won,6.93,2026-04-12T01:30:00+00:00,5m,0,0.0000,
2026-04-12T01:54:29.953657+00:00,bnb-updown-5m-1775958600,"BNB Up or Down - April 11, 9:50PM-9:55PM ET",updown,YES,0.8700,7.32,0.31,"BNB implied UP at 87%, edge +7.6%, 30s to close, price neutral (+0.000%)",won,8.42,2026-04-12T01:55:00+00:00,5m,0,0.0000,
2026-04-12T02:14:00.365206+00:00,sol-updown-15m-1775959200,"Solana Up or Down - April 11, 10:00PM-10:15PM ET",updown,YES,0.6850,4.98,0.24,"SOL implied UP at 68%, edge +5.8%, 60s to close, price confirms (+0.024%)",won,7.27,2026-04-12T02:15:00+00:00,15m,0,0.0000,
2026-04-12T02:19:31.151209+00:00,xrp-updown-5m-1775960100,"XRP Up or Down - April 11, 10:15PM-10:20PM ET",updown,YES,0.8650,6.81,0.31,"XRP implied UP at 86%, edge +7.5%, 30s to close, price neutral (+0.000%)",won,7.87,2026-04-12T02:20:00+00:00,5m,0,0.0000,
2026-04-12T02:19:31.154710+00:00,eth-updown-5m-1775960100,"Ethereum Up or Down - April 11, 10:15PM-10:20PM ET",updown,YES,0.8650,6.10,0.31,"ETH implied UP at 86%, edge +7.5%, 29s to close, price neutral (+0.000%)",won,7.05,2026-04-12T02:20:00+00:00,5m,0,0.0000,
2026-04-12T02:19:31.155028+00:00,bnb-updown-5m-1775960100,"BNB Up or Down - April 11, 10:15PM-10:20PM ET",updown,YES,0.8450,5.14,0.30,"BNB implied UP at 84%, edge +7.2%, 29s to close, price neutral (+0.000%)",won,6.08,2026-04-12T02:20:00+00:00,5m,0,0.0000,
2026-04-12T02:34:38.083341+00:00,doge-updown-5m-1775961000,"Dogecoin Up or Down - April 11, 10:30PM-10:35PM ET",updown,YES,0.8400,3.01,0.34,"DOGE implied UP at 84%, edge +8.1%, 22s to close, price confirms (+0.019%)",won,3.58,2026-04-12T02:35:00+00:00,5m,0,0.0000,
2026-04-12T02:44:37.392619+00:00,eth-updown-5m-1775961600,"Ethereum Up or Down - April 11, 10:40PM-10:45PM ET",updown,YES,0.8750,2.22,0.31,"ETH implied UP at 88%, edge +7.5%, 23s to close, price neutral (+0.000%)",won,2.54,2026-04-12T02:45:00+00:00,5m,0,0.0000,
2026-04-12T02:44:37.393558+00:00,doge-updown-5m-1775961600,"Dogecoin Up or Down - April 11, 10:40PM-10:45PM ET",updown,YES,0.8250,3.12,0.29,"DOGE implied UP at 82%, edge +6.9%, 23s to close, price neutral (+0.000%)",won,3.78,2026-04-12T02:45:00+00:00,5m,0,0.0000,
2026-04-12T02:44:37.393761+00:00,xrp-updown-5m-1775961600,"XRP Up or Down - April 11, 10:40PM-10:45PM ET",updown,YES,0.8050,3.37,0.27,"XRP implied UP at 80%, edge +6.6%, 23s to close, price neutral (+0.000%)",won,4.19,2026-04-12T02:45:00+00:00,5m,0,0.0000,
2026-04-12T02:54:37.953645+00:00,bnb-updown-5m-1775962200,"BNB Up or Down - April 11, 10:50PM-10:55PM ET",updown,NO,0.8100,3.61,0.28,"BNB implied DOWN at 19%, edge -6.7%, 23s to close, price neutral (+0.000%)",won,4.46,2026-04-12T02:55:00+00:00,5m,7,0.0000,
2026-04-12T02:59:09.163042+00:00,sol-updown-15m-1775961900,"Solana Up or Down - April 11, 10:45PM-11:00PM ET",updown,YES,0.8300,3.22,0.29,"SOL implied UP at 83%, edge +7.0%, 51s to close, price neutral (+0.000%)",won,3.88,2026-04-12T03:00:00+00:00,15m,7,0.0000,
2026-04-12T03:14:29.388048+00:00,eth-updown-5m-1775963400,"Ethereum Up or Down - April 11, 11:10PM-11:15PM ET",updown,NO,0.8650,2.53,0.31,"ETH implied DOWN at 14%, edge -7.5%, 31s to close",lost,0.00,2026-04-12T03:15:00+00:00,5m,7,0.0000,
2026-04-12T03:19:30.508045+00:00,sol-updown-5m-1775963700,"Solana Up or Down - April 11, 11:15PM-11:20PM ET",updown,NO,0.8100,3.56,0.28,"SOL implied DOWN at 19%, edge -6.7%, 30s to close, price neutral (+0.000%)",won,4.39,2026-04-12T03:20:00+00:00,5m,7,0.0000,
2026-04-12T03:54:36.941943+00:00,sol-updown-5m-1775965800,"Solana Up or Down - April 11, 11:50PM-11:55PM ET",updown,YES,0.8750,2.27,0.31,"SOL implied UP at 88%, edge +7.5%, 24s to close, price neutral (+0.000%)",won,2.59,2026-04-12T03:55:00+00:00,5m,7,0.0000,
2026-04-12T03:59:37.118704+00:00,eth-updown-5m-1775966100,"Ethereum Up or Down - April 11, 11:55PM-12:00AM ET",updown,NO,0.7750,4.41,0.30,"ETH implied DOWN at 22%, edge -7.1%, 24s to close, price confirms (-0.001%)",won,5.68,2026-04-12T04:00:00+00:00,5m,7,0.0000,
2026-04-12T04:09:37.802254+00:00,bnb-updown-5m-1775966700,"BNB Up or Down - April 12, 12:05AM-12:10AM ET",updown,YES,0.8200,3.46,0.28,"BNB implied UP at 82%, edge +6.8%, 23s to close, price neutral (+0.000%)",lost,0.00,2026-04-12T04:10:00+00:00,5m,7,0.0000,
2026-04-12T04:24:37.519965+00:00,eth-updown-5m-1775967600,"Ethereum Up or Down - April 12, 12:20AM-12:25AM ET",updown,YES,0.8350,3.00,0.29,"ETH implied UP at 84%, edge +7.0%, 22s to close, price neutral (+0.000%)",won,3.60,2026-04-12T04:25:00+00:00,5m,7,0.0000,
2026-04-12T04:29:29.573360+00:00,sol-updown-5m-1775967900,"Solana Up or Down - April 12, 12:25AM-12:30AM ET",updown,NO,0.8500,2.60,0.30,"SOL implied DOWN at 15%, edge -7.2%, 30s to close, price neutral (+0.000%)",won,3.06,2026-04-12T04:30:00+00:00,5m,7,0.0000,
2026-04-12T04:49:37.827980+00:00,eth-updown-5m-1775969100,"Ethereum Up or Down - April 12, 12:45AM-12:50AM ET",updown,NO,0.8750,2.24,0.31,"ETH implied DOWN at 12%, edge -7.5%, 22s to close, price neutral (+0.000%)",won,2.56,2026-04-12T04:50:00+00:00,5m,7,0.0000,
2026-04-12T04:54:38.086412+00:00,eth-updown-5m-1775969400,"Ethereum Up or Down - April 12, 12:50AM-12:55AM ET",updown,YES,0.8550,2.57,0.31,"ETH implied UP at 86%, edge +7.3%, 22s to close, price neutral (+0.000%)",lost,0.00,2026-04-12T04:55:00+00:00,5m,7,0.0000,
2026-04-12T05:04:38.545023+00:00,eth-updown-5m-1775970000,"Ethereum Up or Down - April 12, 1:00AM-1:05AM ET",updown,NO,0.7850,4.14,0.30,"ETH implied DOWN at 22%, edge -7.3%, 21s to close, price confirms (-0.001%)",won,5.27,2026-04-12T05:05:00+00:00,5m,7,0.0000,
2026-04-12T05:49:37.462731+00:00,xrp-updown-5m-1775972700,"XRP Up or Down - April 12, 1:45AM-1:50AM ET",updown,YES,0.8350,3.00,0.29,"XRP implied UP at 84%, edge +7.0%, 23s to close, price neutral (+0.000%)",won,3.59,2026-04-12T05:50:00+00:00,5m,8,0.0000,0.8350
2026-04-12T05:54:37.802507+00:00,doge-updown-5m-1775973000,"Dogecoin Up or Down - April 12, 1:50AM-1:55AM ET",updown,YES,0.8700,2.26,0.33,"DOGE implied UP at 87%, edge +8.0%, 22s to close, price confirms (+0.054%)",won,2.60,2026-04-12T05:55:00+00:00,5m,8,0.0000,0.8700
2026-04-12T07:14:38.505975+00:00,xrp-updown-5m-1775977800,"XRP Up or Down - April 12, 3:10AM-3:15AM ET",updown,YES,0.8650,2.44,0.31,"XRP implied UP at 86%, edge +7.5%, 21s to close, price neutral (+0.000%)",lost,0.00,2026-04-12T07:15:00+00:00,5m,8,0.0000,0.8650
2026-04-12T07:14:38.512470+00:00,bnb-updown-5m-1775977800,"BNB Up or Down - April 12, 3:10AM-3:15AM ET",updown,YES,0.8450,2.75,0.30,"BNB implied UP at 84%, edge +7.2%, 21s to close",lost,0.00,2026-04-12T07:15:00+00:00,5m,8,0.0000,0.8450
2026-04-12T07:24:38.812663+00:00,sol-updown-5m-1775978400,"Solana Up or Down - April 12, 3:20AM-3:25AM ET",updown,YES,0.8550,2.46,0.31,"SOL implied UP at 86%, edge +7.3%, 21s to close",won,2.88,2026-04-12T07:25:00+00:00,5m,8,0.0000,0.8550
2026-04-12T07:24:38.818076+00:00,doge-updown-5m-1775978400,"Dogecoin Up or Down - April 12, 3:20AM-3:25AM ET",updown,YES,0.8500,2.46,0.30,"DOGE implied UP at 85%, edge +7.3%, 21s to close",won,2.90,2026-04-12T07:25:00+00:00,5m,8,0.0000,0.8500
2026-04-12T07:39:44.442795+00:00,sol-updown-5m-1775979300,"Solana Up or Down - April 12, 3:35AM-3:40AM ET",updown,YES,0.8700,2.41,0.41,"SOL implied UP at 87%, edge +7.6%, 16s to close, price neutral (-0.012%)",won,2.77,2026-04-12T07:40:00+00:00,5m,8,0.0000,0.8700
2026-04-12T07:54:36.066121+00:00,eth-updown-5m-1775980200,"Ethereum Up or Down - April 12, 3:50AM-3:55AM ET",updown,YES,0.8750,2.12,0.31,"ETH implied UP at 88%, edge +7.5%, 24s to close, price neutral (+0.000%)",won,2.42,2026-04-12T07:55:00+00:00,5m,8,0.0000,0.8750
2026-04-12T08:34:39.187344+00:00,xrp-updown-5m-1775982600,"XRP Up or Down - April 12, 4:30AM-4:35AM ET",updown,YES,0.8650,2.32,0.31,"XRP implied UP at 86%, edge +7.5%, 21s to close, price neutral (+0.000%)",won,2.69,2026-04-12T08:35:00+00:00,5m,8,0.0000,0.8650
2026-04-12T09:24:44.163883+00:00,xrp-updown-5m-1775985600,"XRP Up or Down - April 12, 5:20AM-5:25AM ET",updown,YES,0.8200,3.44,0.36,"XRP implied UP at 82%, edge +6.8%, 16s to close",won,4.20,2026-04-12T09:25:00+00:00,5m,8,0.0000,0.8200
2026-04-12T11:39:54.869520+00:00,eth-updown-5m-1775993700,"Ethereum Up or Down - April 12, 7:35AM-7:40AM ET",updown,YES,0.8350,3.75,0.58,"ETH implied UP at 84%, edge +7.0%, 5s to close",won,4.49,2026-04-12T11:40:00+00:00,5m,8,0.0000,0.8350
2026-04-12T11:39:54.876262+00:00,xrp-updown-5m-1775993700,"XRP Up or Down - April 12, 7:35AM-7:40AM ET",updown,YES,0.8050,4.25,0.55,"XRP implied UP at 80%, edge +6.6%, 5s to close",won,5.27,2026-04-12T11:40:00+00:00,5m,8,0.0000,0.8050
2026-04-12T11:44:29.976136+00:00,eth-updown-5m-1775994000,"Ethereum Up or Down - April 12, 7:40AM-7:45AM ET",updown,YES,0.8450,2.45,0.30,"ETH implied UP at 84%, edge +7.2%, 30s to close",lost,0.00,2026-04-12T11:45:00+00:00,5m,8,0.0000,0.8450
2026-04-12T11:59:00.215855+00:00,eth-updown-15m-1775994300,"Ethereum Up or Down - April 12, 7:45AM-8:00AM ET",updown,YES,0.8550,2.53,0.31,"ETH implied UP at 86%, edge +7.3%, 60s to close, price neutral (+0.000%)",won,2.95,2026-04-12T12:00:00+00:00,15m,8,0.0000,0.8550


2026-04-12T16:19:24.658227+00:00,xrp-updown-5m-1776010500,"XRP Up or Down - April 12, 12:15PM-12:20PM ET",updown,NO,0.8550,1.00,0.35,"XRP implied DOWN at 14%, edge -8.3%, 36s to close, price confirms (-0.376%)",won,1.17,2026-04-12T16:20:00+00:00,5m,9,0.0000,0.8550
2026-04-12T16:44:21.635719+00:00,sol-updown-15m-1776011400,"Solana Up or Down - April 12, 12:30PM-12:45PM ET",updown,NO,0.8200,1.00,0.28,"SOL implied DOWN at 18%, edge -6.8%, 41s to close",won,1.22,2026-04-12T16:45:00+00:00,15m,9,0.0000,0.8200
2026-04-12T16:44:34.445853+00:00,bnb-updown-5m-1776012000,"BNB Up or Down - April 12, 12:40PM-12:45PM ET",updown,NO,0.8150,1.00,0.28,"BNB implied DOWN at 18%, edge -6.7%, 26s to close",won,1.23,2026-04-12T16:45:00+00:00,5m,9,0.0000,0.8150
2026-04-12T16:49:29.585786+00:00,doge-updown-5m-1776012300,"Dogecoin Up or Down - April 12, 12:45PM-12:50PM ET",updown,NO,0.8600,1.00,0.31,"DOGE implied DOWN at 14%, edge -7.4%, 30s to close",won,1.16,2026-04-12T16:50:00+00:00,5m,9,0.0000,0.8600
2026-04-12T17:14:30.138947+00:00,hype-updown-5m-1776013800,"Hyperliquid Up or Down - April 12, 1:10PM-1:15PM ET",updown,NO,0.8550,1.00,0.31,"HYPE implied DOWN at 14%, edge -7.3%, 30s to close",won,1.17,2026-04-12T17:15:00+00:00,5m,9,0.0000,0.8550
2026-04-12T17:14:30.141121+00:00,sol-updown-5m-1776013800,"Solana Up or Down - April 12, 1:10PM-1:15PM ET",updown,NO,0.8450,1.00,0.30,"SOL implied DOWN at 16%, edge -7.2%, 30s to close",won,1.18,2026-04-12T17:15:00+00:00,5m,9,0.0000,0.8450
2026-04-12T17:14:30.142051+00:00,bnb-updown-5m-1776013800,"BNB Up or Down - April 12, 1:10PM-1:15PM ET",updown,NO,0.8150,1.00,0.28,"BNB implied DOWN at 18%, edge -6.7%, 30s to close",won,1.23,2026-04-12T17:15:00+00:00,5m,9,0.0000,0.8150
2026-04-12T17:29:30.301770+00:00,hype-updown-5m-1776014700,"Hyperliquid Up or Down - April 12, 1:25PM-1:30PM ET",updown,YES,0.8700,1.00,0.31,"HYPE implied UP at 87%, edge +7.6%, 30s to close",won,1.15,2026-04-12T17:30:00+00:00,5m,9,0.0000,0.8700
2026-04-12T17:34:25.149038+00:00,bnb-updown-5m-1776015000,"BNB Up or Down - April 12, 1:30PM-1:35PM ET",updown,YES,0.8600,1.00,0.31,"BNB implied UP at 86%, edge +7.4%, 35s to close",won,1.16,2026-04-12T17:35:00+00:00,5m,9,0.0000,0.8600
2026-04-12T17:39:35.249476+00:00,sol-updown-5m-1776015300,"Solana Up or Down - April 12, 1:35PM-1:40PM ET",updown,NO,0.8150,1.00,0.28,"SOL implied DOWN at 18%, edge -6.7%, 25s to close",won,1.23,2026-04-12T17:40:00+00:00,5m,9,0.0000,0.8150
2026-04-12T17:54:25.076021+00:00,doge-updown-5m-1776016200,"Dogecoin Up or Down - April 12, 1:50PM-1:55PM ET",updown,YES,0.8700,1.00,0.31,"DOGE implied UP at 87%, edge +7.6%, 35s to close",won,1.15,2026-04-12T17:55:00+00:00,5m,9,0.0000,0.8700
2026-04-12T17:59:40.156939+00:00,eth-updown-5m-1776016500,"Ethereum Up or Down - April 12, 1:55PM-2:00PM ET",updown,NO,0.8150,1.03,0.33,"ETH implied DOWN at 18%, edge -7.7%, 20s to close, price confirms (-0.093%)",won,1.27,2026-04-12T18:00:00+00:00,5m,9,0.0000,0.8150
2026-04-12T18:09:25.221722+00:00,doge-updown-5m-1776017100,"Dogecoin Up or Down - April 12, 2:05PM-2:10PM ET",updown,NO,0.8750,1.00,0.31,"DOGE implied DOWN at 12%, edge -7.5%, 35s to close",won,1.14,2026-04-12T18:10:00+00:00,5m,9,0.0000,0.8750
2026-04-12T18:09:25.222952+00:00,sol-updown-5m-1776017100,"Solana Up or Down - April 12, 2:05PM-2:10PM ET",updown,NO,0.8200,1.00,0.28,"SOL implied DOWN at 18%, edge -6.8%, 35s to close",won,1.22,2026-04-12T18:10:00+00:00,5m,9,0.0000,0.8200
2026-04-12T18:19:40.323593+00:00,hype-updown-5m-1776017700,"Hyperliquid Up or Down - April 12, 2:15PM-2:20PM ET",updown,NO,0.8400,1.00,0.30,"HYPE implied DOWN at 16%, edge -7.1%, 20s to close",won,1.19,2026-04-12T18:20:00+00:00,5m,9,0.0000,0.8400
2026-04-12T18:24:25.600219+00:00,xrp-updown-5m-1776018000,"XRP Up or Down - April 12, 2:20PM-2:25PM ET",updown,NO,0.8450,1.00,0.30,"XRP implied DOWN at 16%, edge -7.2%, 34s to close, price neutral (+0.053%)",won,1.18,2026-04-12T18:25:00+00:00,5m,9,0.0000,0.8450
2026-04-12T18:29:25.480149+00:00,sol-updown-5m-1776018300,"Solana Up or Down - April 12, 2:25PM-2:30PM ET",updown,NO,0.8550,1.00,0.35,"SOL implied DOWN at 14%, edge -8.3%, 35s to close, price confirms (-0.061%)",won,1.17,2026-04-12T18:30:00+00:00,5m,9,0.0000,0.8550
2026-04-12T18:39:25.490245+00:00,xrp-updown-5m-1776018900,"XRP Up or Down - April 12, 2:35PM-2:40PM ET",updown,YES,0.8750,1.00,0.31,"XRP implied UP at 88%, edge +7.5%, 35s to close",won,1.14,2026-04-12T18:40:00+00:00,5m,9,0.0000,0.8750
2026-04-12T18:39:25.491096+00:00,sol-updown-5m-1776018900,"Solana Up or Down - April 12, 2:35PM-2:40PM ET",updown,YES,0.8650,1.00,0.31,"SOL implied UP at 86%, edge +7.5%, 35s to close",won,1.16,2026-04-12T18:40:00+00:00,5m,9,0.0000,0.8650
2026-04-12T18:39:25.492653+00:00,doge-updown-5m-1776018900,"Dogecoin Up or Down - April 12, 2:35PM-2:40PM ET",updown,YES,0.8450,1.00,0.30,"DOGE implied UP at 84%, edge +7.2%, 35s to close",won,1.18,2026-04-12T18:40:00+00:00,5m,9,0.0000,0.8450
2026-04-12T18:44:25.522849+00:00,doge-updown-5m-1776019200,"Dogecoin Up or Down - April 12, 2:40PM-2:45PM ET",updown,NO,0.8700,1.00,0.31,"DOGE implied DOWN at 13%, edge -7.5%, 34s to close",won,1.15,2026-04-12T18:45:00+00:00,5m,9,0.0000,0.8700
2026-04-12T18:44:25.523848+00:00,sol-updown-5m-1776019200,"Solana Up or Down - April 12, 2:40PM-2:45PM ET",updown,NO,0.8750,1.00,0.31,"SOL implied DOWN at 12%, edge -7.5%, 34s to close",won,1.14,2026-04-12T18:45:00+00:00,5m,9,0.0000,0.8750
2026-04-12T18:44:25.524663+00:00,xrp-updown-5m-1776019200,"XRP Up or Down - April 12, 2:40PM-2:45PM ET",updown,NO,0.8600,1.00,0.31,"XRP implied DOWN at 14%, edge -7.4%, 34s to close",won,1.16,2026-04-12T18:45:00+00:00,5m,9,0.0000,0.8600
2026-04-12T18:44:25.525367+00:00,hype-updown-5m-1776019200,"Hyperliquid Up or Down - April 12, 2:40PM-2:45PM ET",updown,NO,0.8350,1.00,0.29,"HYPE implied DOWN at 16%, edge -7.0%, 34s to close",won,1.20,2026-04-12T18:45:00+00:00,5m,9,0.0000,0.8350
2026-04-12T18:59:35.508082+00:00,hype-updown-5m-1776020100,"Hyperliquid Up or Down - April 12, 2:55PM-3:00PM ET",updown,YES,0.8750,1.00,0.31,"HYPE implied UP at 88%, edge +7.5%, 24s to close",won,1.14,2026-04-12T19:00:00+00:00,5m,9,0.0000,0.8750
2026-04-12T19:09:25.480107+00:00,sol-updown-5m-1776020700,"Solana Up or Down - April 12, 3:05PM-3:10PM ET",updown,YES,0.8450,1.00,0.30,"SOL implied UP at 84%, edge +7.2%, 35s to close",won,1.18,2026-04-12T19:10:00+00:00,5m,9,0.0000,0.8450
2026-04-12T19:09:25.482042+00:00,eth-updown-5m-1776020700,"Ethereum Up or Down - April 12, 3:05PM-3:10PM ET",updown,YES,0.8050,1.12,0.27,"ETH implied UP at 80%, edge +6.6%, 35s to close",won,1.39,2026-04-12T19:10:00+00:00,5m,9,0.0000,0.8050
2026-04-12T19:09:40.272032+00:00,bnb-updown-5m-1776020700,"BNB Up or Down - April 12, 3:05PM-3:10PM ET",updown,YES,0.8600,1.00,0.31,"BNB implied UP at 86%, edge +7.4%, 20s to close",won,1.16,2026-04-12T19:10:00+00:00,5m,9,0.0000,0.8600
2026-04-12T19:14:17.597781+00:00,xrp-updown-15m-1776020400,"XRP Up or Down - April 12, 3:00PM-3:15PM ET",updown,YES,0.8700,1.00,0.31,"XRP implied UP at 87%, edge +7.6%, 45s to close",lost,0.00,2026-04-12T19:15:00+00:00,15m,9,0.0000,0.8700
2026-04-12T19:48:47.883963+00:00,btc-updown-5m-1776023100,"Bitcoin Up or Down - April 12, 3:45PM-3:50PM ET",arbitrage,NO,0.3550,4.05,1.00,IMF chief warns that Iran war will slow global economic growth,lost,0.00,2026-04-12T19:50:00+00:00,5m,9,0.0000,0.3550
2026-04-12T19:48:47.886431+00:00,hype-updown-5m-1776023100,"Hyperliquid Up or Down - April 12, 3:45PM-3:50PM ET",arbitrage,NO,0.6600,3.37,1.00,IMF chief warns that Iran war will slow global economic growth,lost,0.00,2026-04-12T19:50:00+00:00,5m,9,0.0000,0.6600
2026-04-12T19:48:47.888488+00:00,doge-updown-5m-1776023100,"Dogecoin Up or Down - April 12, 3:45PM-3:50PM ET",arbitrage,NO,0.7450,1.92,1.00,IMF chief warns that Iran war will slow global economic growth,won,2.57,2026-04-12T19:50:00+00:00,5m,9,0.0000,0.7450
2026-04-12T19:48:47.890755+00:00,sol-updown-5m-1776023100,"Solana Up or Down - April 12, 3:45PM-3:50PM ET",arbitrage,NO,0.8550,1.00,0.95,IMF chief warns that Iran war (could impact global) economic growth,won,1.17,2026-04-12T19:50:00+00:00,5m,9,0.0000,0.8550
2026-04-12T19:48:47.891691+00:00,xrp-updown-5m-1776023100,"XRP Up or Down - April 12, 3:45PM-3:50PM ET",arbitrage,NO,0.6750,2.22,1.00,IMF chief warns that Iran war will slow global economic growth,won,3.30,2026-04-12T19:50:00+00:00,5m,9,0.0000,0.6750
2026-04-12T19:48:47.892380+00:00,bnb-updown-5m-1776023100,"BNB Up or Down - April 12, 3:45PM-3:50PM ET",arbitrage,NO,0.7650,1.19,1.00,IMF chief warns that Iran war will slow global economic growth,won,1.56,2026-04-12T19:50:00+00:00,5m,9,0.0000,0.7650
2026-04-12T19:53:48.422543+00:00,btc-updown-5m-1776023400,"Bitcoin Up or Down - April 12, 3:50PM-3:55PM ET",arbitrage,NO,0.5250,1.74,1.00,IMF chief warns that Iran war will slow global economic growth,lost,0.00,2026-04-12T19:55:00+00:00,5m,9,0.0000,0.5250
2026-04-12T19:53:48.423494+00:00,sol-updown-5m-1776023400,"Solana Up or Down - April 12, 3:50PM-3:55PM ET",arbitrage,NO,0.9150,1.00,1.00,IMF chief warns that Iran war will slow global economic growth,lost,0.00,2026-04-12T19:55:00+00:00,5m,9,0.0000,0.9150
2026-04-12T19:53:48.424484+00:00,eth-updown-5m-1776023400,"Ethereum Up or Down - April 12, 3:50PM-3:55PM ET",arbitrage,NO,0.7950,1.00,1.00,IMF chief warns that Iran war will slow global economic growth,won,1.26,2026-04-12T19:55:00+00:00,5m,9,0.0000,0.7950
2026-04-12T19:53:48.425057+00:00,doge-updown-5m-1776023400,"Dogecoin Up or Down - April 12, 3:50PM-3:55PM ET",arbitrage,NO,0.8650,1.00,1.00,IMF chief warns that Iran war will slow global economic growth,won,1.16,2026-04-12T19:55:00+00:00,5m,9,0.0000,0.8650
2026-04-12T19:53:48.425642+00:00,bnb-updown-5m-1776023400,"BNB Up or Down - April 12, 3:50PM-3:55PM ET",arbitrage,NO,0.8750,1.00,1.00,IMF chief warns that Iran war will slow global economic growth,won,1.14,2026-04-12T19:55:00+00:00,5m,9,0.0000,0.8750
2026-04-12T19:53:48.426226+00:00,xrp-updown-5m-1776023400,"XRP Up or Down - April 12, 3:50PM-3:55PM ET",arbitrage,NO,0.6750,1.00,1.00,IMF chief warns that Iran war will slow global economic growth,lost,0.00,2026-04-12T19:55:00+00:00,5m,9,0.0000,0.6750
2026-04-12T19:59:26.447530+00:00,bnb-updown-5m-1776023700,"BNB Up or Down - April 12, 3:55PM-4:00PM ET",updown,NO,0.8750,1.00,0.31,"BNB implied DOWN at 12%, edge -7.5%, 34s to close",won,1.14,2026-04-12T20:00:00+00:00,5m,9,0.0000,0.8750
2026-04-13T00:04:29.563389+00:00,hype-updown-5m-1776038400,"Hyperliquid Up or Down - April 12, 8:00PM-8:05PM ET",updown,YES,0.8550,1.00,0.31,"HYPE implied UP at 86%, edge +7.3%, 30s to close",won,1.17,2026-04-13T00:05:00+00:00,5m,9,0.0000,0.8550
2026-04-13T00:04:29.565354+00:00,eth-updown-5m-1776038400,"Ethereum Up or Down - April 12, 8:00PM-8:05PM ET",updown,NO,0.8350,1.00,0.29,"ETH implied DOWN at 16%, edge -7.0%, 30s to close, price neutral (+0.016%)",won,1.20,2026-04-13T00:05:00+00:00,5m,9,0.0000,0.8350
2026-04-13T00:04:29.567499+00:00,doge-updown-5m-1776038400,"Dogecoin Up or Down - April 12, 8:00PM-8:05PM ET",updown,YES,0.8150,1.00,0.28,"DOGE implied UP at 82%, edge +6.7%, 30s to close, price neutral (-0.013%)",won,1.23,2026-04-13T00:05:00+00:00,5m,9,0.0000,0.8150
2026-04-13T00:14:29.347769+00:00,eth-updown-5m-1776039000,"Ethereum Up or Down - April 12, 8:10PM-8:15PM ET",updown,NO,0.8450,1.00,0.30,"ETH implied DOWN at 16%, edge -7.2%, 31s to close",lost,0.00,2026-04-13T00:15:00+00:00,5m,9,0.0000,0.8450
2026-04-13T00:29:17.481350+00:00,bnb-updown-15m-1776039300,"BNB Up or Down - April 12, 8:15PM-8:30PM ET",updown,YES,0.8650,1.00,0.31,"BNB implied UP at 86%, edge +7.5%, 43s to close, price neutral (+0.000%)",won,1.16,2026-04-13T00:30:00+00:00,15m,9,0.0000,0.8650
2026-04-13T00:29:25.832510+00:00,xrp-updown-5m-1776039900,"XRP Up or Down - April 12, 8:25PM-8:30PM ET",updown,YES,0.8750,1.00,0.31,"XRP implied UP at 88%, edge +7.5%, 34s to close, price neutral (+0.000%)",won,1.14,2026-04-13T00:30:00+00:00,5m,9,0.0000,0.8750
2026-04-13T00:29:25.835386+00:00,sol-updown-5m-1776039900,"Solana Up or Down - April 12, 8:25PM-8:30PM ET",updown,YES,0.8550,1.00,0.31,"SOL implied UP at 86%, edge +7.3%, 34s to close, price neutral (+0.000%)",lost,0.00,2026-04-13T00:30:00+00:00,5m,9,0.0000,0.8550
2026-04-13T00:34:25.755293+00:00,doge-updown-5m-1776040200,"Dogecoin Up or Down - April 12, 8:30PM-8:35PM ET",updown,YES,0.8750,1.00,0.31,"DOGE implied UP at 88%, edge +7.5%, 34s to close, price neutral (+0.000%)",won,1.14,2026-04-13T00:35:00+00:00,5m,9,0.0000,0.8750
2026-04-13T00:39:25.974778+00:00,eth-updown-5m-1776040500,"Ethereum Up or Down - April 12, 8:35PM-8:40PM ET",updown,NO,0.8450,1.00,0.30,"ETH implied DOWN at 16%, edge -7.2%, 34s to close, price neutral (+0.000%)",won,1.18,2026-04-13T00:40:00+00:00,5m,9,0.0000,0.8450
2026-04-13T00:39:25.977406+00:00,xrp-updown-5m-1776040500,"XRP Up or Down - April 12, 8:35PM-8:40PM ET",updown,NO,0.8250,1.00,0.29,"XRP implied DOWN at 18%, edge -6.9%, 34s to close, price neutral (+0.000%)",won,1.21,2026-04-13T00:40:00+00:00,5m,9,0.0000,0.8250
2026-04-13T00:44:16.055864+00:00,eth-updown-15m-1776040200,"Ethereum Up or Down - April 12, 8:30PM-8:45PM ET",updown,NO,0.8700,1.00,0.31,"ETH implied DOWN at 13%, edge -7.5%, 44s to close",won,1.15,2026-04-13T00:45:00+00:00,15m,9,0.0000,0.8700
2026-04-13T00:44:28.922941+00:00,eth-updown-5m-1776040800,"Ethereum Up or Down - April 12, 8:40PM-8:45PM ET",updown,NO,0.8100,1.00,0.32,"ETH implied DOWN at 19%, edge -7.6%, 32s to close, price confirms (-0.028%)",won,1.23,2026-04-13T00:45:00+00:00,5m,9,0.0000,0.8100
2026-04-13T00:54:29.219062+00:00,doge-updown-5m-1776041400,"Dogecoin Up or Down - April 12, 8:50PM-8:55PM ET",updown,YES,0.8100,1.00,0.32,"DOGE implied UP at 81%, edge +7.7%, 34s to close, price confirms (+0.244%)",won,1.23,2026-04-13T00:55:00+00:00,5m,9,0.0000,0.8100
2026-04-13T01:59:33.712387+00:00,xrp-updown-5m-1776045300,"XRP Up or Down - April 12, 9:55PM-10:00PM ET",updown,YES,0.8750,1.00,0.31,"XRP implied UP at 88%, edge +7.5%, 26s to close, price neutral (+0.000%)",won,1.14,2026-04-13T02:00:00+00:00,5m,9,0.0000,0.8750
2026-04-13T01:59:33.713662+00:00,bnb-updown-5m-1776045300,"BNB Up or Down - April 12, 9:55PM-10:00PM ET",updown,YES,0.8300,1.00,0.29,"BNB implied UP at 83%, edge +7.0%, 26s to close, price neutral (+0.000%)",won,1.20,2026-04-13T02:00:00+00:00,5m,9,0.0000,0.8300
2026-04-13T01:59:43.837757+00:00,eth-updown-15m-1776044700,"Ethereum Up or Down - April 12, 9:45PM-10:00PM ET",updown,NO,0.8050,1.00,0.50,"ETH implied DOWN at 20%, edge -7.6%, 16s to close, price confirms (-0.005%)",won,1.24,2026-04-13T02:00:00+00:00,15m,9,0.0000,0.8050
2026-04-13T02:04:31.962902+00:00,bnb-updown-5m-1776045600,"BNB Up or Down - April 12, 10:00PM-10:05PM ET",updown,YES,0.8750,1.00,0.31,"BNB implied UP at 88%, edge +7.5%, 28s to close, price neutral (-0.032%)",won,1.14,2026-04-13T02:05:00+00:00,5m,9,0.0000,0.8750
2026-04-13T02:04:31.964254+00:00,sol-updown-5m-1776045600,"Solana Up or Down - April 12, 10:00PM-10:05PM ET",updown,YES,0.8450,1.00,0.30,"SOL implied UP at 84%, edge +7.2%, 29s to close, price neutral (-0.085%)",lost,0.00,2026-04-13T02:05:00+00:00,5m,9,0.0000,0.8450
2026-04-13T02:09:38.946963+00:00,doge-updown-5m-1776045900,"Dogecoin Up or Down - April 12, 10:05PM-10:10PM ET",updown,NO,0.8650,1.00,0.31,"DOGE implied DOWN at 14%, edge -7.5%, 21s to close",won,1.16,2026-04-13T02:10:00+00:00,5m,9,0.0000,0.8650
2026-04-13T02:14:32.871910+00:00,bnb-updown-5m-1776046200,"BNB Up or Down - April 12, 10:10PM-10:15PM ET",updown,NO,0.8700,1.00,0.31,"BNB implied DOWN at 13%, edge -7.5%, 27s to close",won,1.15,2026-04-13T02:15:00+00:00,5m,9,0.0000,0.8700
2026-04-13T02:14:32.873963+00:00,hype-updown-5m-1776046200,"Hyperliquid Up or Down - April 12, 10:10PM-10:15PM ET",updown,NO,0.8750,1.00,0.31,"HYPE implied DOWN at 12%, edge -7.5%, 27s to close",won,1.14,2026-04-13T02:15:00+00:00,5m,9,0.0000,0.8750
2026-04-13T02:34:37.489893+00:00,doge-updown-5m-1776047400,"Dogecoin Up or Down - April 12, 10:30PM-10:35PM ET",updown,NO,0.8350,1.00,0.29,"DOGE implied DOWN at 16%, edge -7.0%, 23s to close",won,1.20,2026-04-13T02:35:00+00:00,5m,9,0.0000,0.8350
2026-04-13T02:54:54.966069+00:00,sol-updown-5m-1776048600,"Solana Up or Down - April 12, 10:50PM-10:55PM ET",arbitrage,NO,0.7600,1.21,1.00,Solana experienced a significant drop in value in the latest news 'Economic Warfare: The New Battlefield in Global Politics' hints at potential economic instability.,won,1.59,2026-04-13T02:55:00+00:00,5m,9,0.0000,0.7600
2026-04-13T02:54:54.968361+00:00,doge-updown-5m-1776048600,"Dogecoin Up or Down - April 12, 10:50PM-10:55PM ET",arbitrage,NO,0.6750,1.64,1.00,Dogecoin dropped in value according to news 'The war on Iran is transforming the global economy' likely impacted cryptocurrency values.,won,2.43,2026-04-13T02:55:00+00:00,5m,9,0.0000,0.6750
2026-04-13T02:54:54.970672+00:00,bnb-updown-5m-1776048600,"BNB Up or Down - April 12, 10:50PM-10:55PM ET",arbitrage,NO,0.9550,1.00,1.00,BNB is not mentioned in the headlines in relation to value changes or up/down potential.,won,1.05,2026-04-13T02:55:00+00:00,5m,9,0.0000,0.9550
2026-04-13T02:54:54.972478+00:00,eth-updown-5m-1776048600,"Ethereum Up or Down - April 12, 10:50PM-10:55PM ET",arbitrage,NO,0.7350,1.00,1.00,Cryptocurrencies like Ethereum are not mentioned in the headlines regarding their up/down values.,won,1.36,2026-04-13T02:55:00+00:00,5m,9,0.0000,0.7350
2026-04-13T02:54:54.974563+00:00,btc-updown-5m-1776048600,"Bitcoin Up or Down - April 12, 10:50PM-10:55PM ET",arbitrage,NO,0.5850,1.06,0.95,Bitcoin was not directly related to any headlines that provided market value data. 'Economic Warfare' hints at instability but doesn't directly impact Bitcoin markets.,lost,0.00,2026-04-13T02:55:00+00:00,5m,9,0.0000,0.5850
2026-04-13T03:04:27.216151+00:00,eth-updown-5m-1776049200,"Ethereum Up or Down - April 12, 11:00PM-11:05PM ET",updown,NO,0.8150,1.00,0.32,"ETH implied DOWN at 18%, edge -7.7%, 33s to close, price confirms (-0.002%)",lost,0.00,2026-04-13T03:05:00+00:00,5m,9,0.0000,0.8150
2026-04-13T03:04:27.217126+00:00,sol-updown-5m-1776049200,"Solana Up or Down - April 12, 11:00PM-11:05PM ET",updown,NO,0.8650,1.00,0.31,"SOL implied DOWN at 14%, edge -7.5%, 33s to close, price neutral (+0.012%)",lost,0.00,2026-04-13T03:05:00+00:00,5m,9,0.0000,0.8650
2026-04-13T03:04:27.218019+00:00,xrp-updown-5m-1776049200,"XRP Up or Down - April 12, 11:00PM-11:05PM ET",updown,NO,0.8150,1.00,0.28,"XRP implied DOWN at 18%, edge -6.7%, 33s to close, price neutral (+0.000%)",lost,0.00,2026-04-13T03:05:00+00:00,5m,9,0.0000,0.8150
2026-04-13T03:14:27.361005+00:00,bnb-updown-5m-1776049800,"BNB Up or Down - April 12, 11:10PM-11:15PM ET",updown,YES,0.8050,1.00,0.32,"BNB implied UP at 80%, edge +7.6%, 33s to close, price confirms (+0.003%)",won,1.24,2026-04-13T03:15:00+00:00,5m,9,0.0000,0.8050
2026-04-13T03:14:42.079109+00:00,eth-updown-15m-1776049200,"Ethereum Up or Down - April 12, 11:00PM-11:15PM ET",updown,NO,0.8200,1.00,0.48,"ETH implied DOWN at 18%, edge -7.8%, 18s to close, price confirms (-0.006%)",won,1.22,2026-04-13T03:15:00+00:00,15m,9,0.0000,0.8200
2026-04-13T03:14:42.081318+00:00,sol-updown-15m-1776049200,"Solana Up or Down - April 12, 11:00PM-11:15PM ET",updown,NO,0.8750,1.00,0.46,"SOL implied DOWN at 12%, edge -7.5%, 18s to close, price neutral (+0.000%)",won,1.14,2026-04-13T03:15:00+00:00,15m,9,0.0000,0.8750
2026-04-13T03:24:27.402989+00:00,eth-updown-5m-1776050400,"Ethereum Up or Down - April 12, 11:20PM-11:25PM ET",updown,NO,0.8350,1.00,0.33,"ETH implied DOWN at 16%, edge -8.0%, 33s to close, price confirms (-0.031%)",won,1.20,2026-04-13T03:25:00+00:00,5m,9,0.0000,0.8350
2026-04-13T03:24:27.403712+00:00,xrp-updown-5m-1776050400,"XRP Up or Down - April 12, 11:20PM-11:25PM ET",updown,NO,0.8250,1.00,0.29,"XRP implied DOWN at 18%, edge -6.9%, 33s to close, price neutral (+0.000%)",won,1.21,2026-04-13T03:25:00+00:00,5m,9,0.0000,0.8250
2026-04-13T03:29:27.322135+00:00,eth-updown-5m-1776050700,"Ethereum Up or Down - April 12, 11:25PM-11:30PM ET",updown,YES,0.8750,1.00,0.31,"ETH implied UP at 88%, edge +7.5%, 33s to close, price confirms (+0.007%)",won,1.14,2026-04-13T03:30:00+00:00,5m,9,0.0000,0.8750
2026-04-13T03:39:27.391826+00:00,sol-updown-5m-1776051300,"Solana Up or Down - April 12, 11:35PM-11:40PM ET",updown,NO,0.8250,1.00,0.33,"SOL implied DOWN at 18%, edge -7.9%, 33s to close, price confirms (-0.012%)",won,1.21,2026-04-13T03:40:00+00:00,5m,9,0.0000,0.8250
2026-04-13T03:49:42.212840+00:00,bnb-updown-5m-1776051900,"BNB Up or Down - April 12, 11:45PM-11:50PM ET",updown,NO,0.8600,1.00,0.40,"BNB implied DOWN at 14%, edge -8.4%, 18s to close, price confirms (-0.002%)",won,1.16,2026-04-13T03:50:00+00:00,5m,9,0.0000,0.8600
2026-04-13T03:49:42.213850+00:00,eth-updown-5m-1776051900,"Ethereum Up or Down - April 12, 11:45PM-11:50PM ET",updown,NO,0.8550,1.00,0.35,"ETH implied DOWN at 14%, edge -7.3%, 18s to close, price neutral (+0.004%)",won,1.17,2026-04-13T03:50:00+00:00,5m,9,0.0000,0.8550
2026-04-13T03:59:28.651465+00:00,eth-updown-5m-1776052500,"Ethereum Up or Down - April 12, 11:55PM-12:00AM ET",updown,YES,0.8200,1.00,0.32,"ETH implied UP at 82%, edge +7.8%, 31s to close, price confirms (+0.001%)",won,1.22,2026-04-13T04:00:00+00:00,5m,9,0.0000,0.8200
2026-04-13T03:59:42.251761+00:00,sol-updown-5m-1776052500,"Solana Up or Down - April 12, 11:55PM-12:00AM ET",updown,YES,0.8750,1.00,0.36,"SOL implied UP at 88%, edge +7.5%, 18s to close, price neutral (+0.000%)",won,1.14,2026-04-13T04:00:00+00:00,5m,9,0.0000,0.8750
2026-04-13T04:04:27.482728+00:00,bnb-updown-5m-1776052800,"BNB Up or Down - April 13, 12:00AM-12:05AM ET",updown,YES,0.8200,1.00,0.28,"BNB implied UP at 82%, edge +6.8%, 33s to close, price neutral (+0.000%)",won,1.22,2026-04-13T04:05:00+00:00,5m,9,0.0000,0.8200
2026-04-13T04:09:27.448072+00:00,eth-updown-5m-1776053100,"Ethereum Up or Down - April 13, 12:05AM-12:10AM ET",updown,NO,0.8650,1.00,0.31,"ETH implied DOWN at 14%, edge -7.5%, 33s to close, price neutral (+0.008%)",won,1.16,2026-04-13T04:10:00+00:00,5m,9,0.0000,0.8650
2026-04-13T04:09:27.450344+00:00,hype-updown-5m-1776053100,"Hyperliquid Up or Down - April 13, 12:05AM-12:10AM ET",updown,NO,0.8400,1.00,0.30,"HYPE implied DOWN at 16%, edge -7.1%, 33s to close",won,1.19,2026-04-13T04:10:00+00:00,5m,9,0.0000,0.8400
2026-04-13T04:14:27.553650+00:00,sol-updown-5m-1776053400,"Solana Up or Down - April 13, 12:10AM-12:15AM ET",updown,YES,0.8500,1.00,0.30,"SOL implied UP at 85%, edge +7.3%, 32s to close, price neutral (+0.000%)",won,1.18,2026-04-13T04:15:00+00:00,5m,9,0.0000,0.8500
2026-04-13T04:19:37.308378+00:00,eth-updown-5m-1776053700,"Ethereum Up or Down - April 13, 12:15AM-12:20AM ET",updown,NO,0.8450,1.00,0.34,"ETH implied DOWN at 16%, edge -8.2%, 23s to close, price confirms (-0.009%)",won,1.18,2026-04-13T04:20:00+00:00,5m,9,0.0000,0.8450
2026-04-13T04:29:27.526748+00:00,doge-updown-5m-1776054300,"Dogecoin Up or Down - April 13, 12:25AM-12:30AM ET",updown,YES,0.8750,1.00,0.31,"DOGE implied UP at 88%, edge +7.5%, 32s to close, price neutral (-0.003%)",won,1.14,2026-04-13T04:30:00+00:00,5m,9,0.0000,0.8750
2026-04-13T04:34:27.550741+00:00,xrp-updown-5m-1776054600,"XRP Up or Down - April 13, 12:30AM-12:35AM ET",updown,YES,0.8650,1.00,0.31,"XRP implied UP at 86%, edge +7.5%, 32s to close, price neutral (+0.000%)",won,1.16,2026-04-13T04:35:00+00:00,5m,9,0.0000,0.8650
2026-04-13T04:39:30.263736+00:00,xrp-updown-5m-1776054900,"XRP Up or Down - April 13, 12:35AM-12:40AM ET",updown,NO,0.8750,1.00,0.31,"XRP implied DOWN at 12%, edge -7.5%, 33s to close, price confirms (-0.293%)",lost,0.00,2026-04-13T04:40:00+00:00,5m,9,0.0000,0.8750
2026-04-13T04:39:47.630614+00:00,eth-updown-5m-1776054900,"Ethereum Up or Down - April 13, 12:35AM-12:40AM ET",updown,NO,0.8750,1.00,0.47,"ETH implied DOWN at 12%, edge -7.5%, 13s to close, price confirms (-0.012%)",lost,0.00,2026-04-13T04:40:00+00:00,5m,9,0.0000,0.8750
2026-04-13T04:59:42.439145+00:00,sol-updown-15m-1776055500,"Solana Up or Down - April 13, 12:45AM-1:00AM ET",updown,NO,0.8700,1.00,0.50,"SOL implied DOWN at 13%, edge -8.0%, 18s to close, price confirms (-0.012%)",won,1.15,2026-04-13T05:00:00+00:00,15m,9,0.0000,0.8700
2026-04-13T04:59:42.441865+00:00,bnb-updown-5m-1776056100,"BNB Up or Down - April 13, 12:55AM-1:00AM ET",updown,NO,0.8250,1.00,0.38,"BNB implied DOWN at 18%, edge -7.9%, 18s to close, price confirms (-0.002%)",won,1.21,2026-04-13T05:00:00+00:00,5m,9,0.0000,0.8250
2026-04-13T05:09:27.697285+00:00,xrp-updown-5m-1776056700,"XRP Up or Down - April 13, 1:05AM-1:10AM ET",updown,NO,0.8150,1.00,0.28,"XRP implied DOWN at 18%, edge -6.7%, 32s to close, price neutral (+0.000%)",won,1.23,2026-04-13T05:10:00+00:00,5m,9,0.0000,0.8150
2026-04-13T05:13:39.631789+00:00,xrp-updown-5m-1776057000,"XRP Up or Down - April 13, 1:10AM-1:15AM ET",arbitrage,YES,0.7350,1.16,1.00,XRP is up,won,1.57,2026-04-13T05:15:00+00:00,5m,9,0.0000,0.7350
2026-04-13T05:13:39.633751+00:00,xrp-updown-15m-1776056400,"XRP Up or Down - April 13, 1:00AM-1:15AM ET",arbitrage,YES,0.3350,1.35,0.93,XRP is likely up,won,4.04,2026-04-13T05:15:00+00:00,15m,9,0.0000,0.3350
2026-04-13T05:13:39.635316+00:00,btc-updown-5m-1776057000,"Bitcoin Up or Down - April 13, 1:10AM-1:15AM ET",arbitrage,NO,0.5450,1.18,1.00,Bitcoin is not up,lost,0.00,2026-04-13T05:15:00+00:00,5m,9,0.0000,0.5450
2026-04-13T05:13:39.636007+00:00,sol-updown-5m-1776057000,"Solana Up or Down - April 13, 1:10AM-1:15AM ET",arbitrage,NO,0.7450,1.00,1.00,Solana is not up,won,1.34,2026-04-13T05:15:00+00:00,5m,9,0.0000,0.7450
2026-04-13T05:13:39.636754+00:00,eth-updown-5m-1776057000,"Ethereum Up or Down - April 13, 1:10AM-1:15AM ET",arbitrage,YES,0.6550,1.00,1.00,Ethereum is up,won,1.53,2026-04-13T05:15:00+00:00,5m,9,0.0000,0.6550
2026-04-13T05:13:39.637734+00:00,eth-updown-15m-1776056400,"Ethereum Up or Down - April 13, 1:00AM-1:15AM ET",arbitrage,NO,0.9750,1.00,1.00,Ethereum is not up,won,1.03,2026-04-13T05:15:00+00:00,15m,9,0.0000,0.9750
2026-04-13T05:18:39.976395+00:00,btc-updown-5m-1776057300,"Bitcoin Up or Down - April 13, 1:15AM-1:20AM ET",arbitrage,NO,0.2950,1.00,1.00,"The World Economic Forum mentions 2026, but it does not impact this 5 minute time frame.",lost,0.00,2026-04-13T05:20:00+00:00,5m,9,0.0000,0.2950
2026-04-13T05:28:59.186987+00:00,btc-updown-15m-1776057300,"Bitcoin Up or Down - April 13, 1:15AM-1:30AM ET",arbitrage,NO,0.2350,2.11,1.00,"The war on Iran is transforming the global economy, indicating a negative impact on Bitcoin.",lost,0.00,2026-04-13T05:30:00+00:00,15m,9,0.0000,0.2350
2026-04-13T05:28:59.188914+00:00,sol-updown-15m-1776057300,"Solana Up or Down - April 13, 1:15AM-1:30AM ET",arbitrage,NO,0.7700,1.05,1.00,"The war on Iran is transforming the global economy, indicating a negative impact on Solana.",lost,0.00,2026-04-13T05:30:00+00:00,15m,9,0.0000,0.7700
2026-04-13T05:34:27.564465+00:00,doge-updown-5m-1776058200,"Dogecoin Up or Down - April 13, 1:30AM-1:35AM ET",updown,NO,0.8550,1.00,0.31,"DOGE implied DOWN at 14%, edge -7.3%, 32s to close, price neutral (+0.000%)",won,1.17,2026-04-13T05:35:00+00:00,5m,9,0.0000,0.8550
2026-04-13T05:34:27.565280+00:00,sol-updown-5m-1776058200,"Solana Up or Down - April 13, 1:30AM-1:35AM ET",updown,NO,0.8350,1.00,0.29,"SOL implied DOWN at 16%, edge -7.0%, 32s to close, price neutral (+0.000%)",won,1.20,2026-04-13T05:35:00+00:00,5m,9,0.0000,0.8350
2026-04-13T09:34:27.431838+00:00,doge-updown-5m-1776072600,"Dogecoin Up or Down - April 13, 5:30AM-5:35AM ET",updown,NO,0.8700,1.00,0.31,"DOGE implied DOWN at 13%, edge -7.5%, 33s to close",won,1.15,2026-04-13T09:35:00+00:00,5m,9,0.0000,0.8700
2026-04-13T09:39:27.828663+00:00,doge-updown-5m-1776072900,"Dogecoin Up or Down - April 13, 5:35AM-5:40AM ET",updown,YES,0.8050,1.00,0.27,"DOGE implied UP at 80%, edge +6.6%, 32s to close, price neutral (-0.016%)",won,1.24,2026-04-13T09:40:00+00:00,5m,9,0.0000,0.8050
2026-04-13T09:44:30.440129+00:00,xrp-updown-15m-1776072600,"XRP Up or Down - April 13, 5:30AM-5:45AM ET",arbitrage,NO,0.1800,1.71,1.00,CNN reports Trump's strait blockade risks another serious blow to the global economy,lost,0.00,2026-04-13T09:45:00+00:00,15m,9,0.0000,0.1800
2026-04-13T09:44:30.441133+00:00,btc-updown-15m-1776072600,"Bitcoin Up or Down - April 13, 5:30AM-5:45AM ET",arbitrage,NO,0.3750,1.42,1.00,"The headline implies a negative economic impact, which would likely affect Bitcoin's value",lost,0.00,2026-04-13T09:45:00+00:00,15m,9,0.0000,0.3750
2026-04-13T09:49:27.632549+00:00,bnb-updown-5m-1776073500,"BNB Up or Down - April 13, 5:45AM-5:50AM ET",updown,NO,0.8500,1.00,0.30,"BNB implied DOWN at 15%, edge -7.2%, 32s to close, price neutral (+0.000%)",won,1.18,2026-04-13T09:50:00+00:00,5m,9,0.0000,0.8500
2026-04-13T09:49:27.633852+00:00,eth-updown-5m-1776073500,"Ethereum Up or Down - April 13, 5:45AM-5:50AM ET",updown,NO,0.8250,1.00,0.29,"ETH implied DOWN at 18%, edge -6.9%, 32s to close, price neutral (+0.000%)",won,1.21,2026-04-13T09:50:00+00:00,5m,9,0.0000,0.8250
2026-04-13T09:49:29.891682+00:00,sol-updown-5m-1776073500,"Solana Up or Down - April 13, 5:45AM-5:50AM ET",arbitrage,NO,0.9450,1.00,1.00,"Trump�s strait blockade risks another serious blow to the global economy - This directly implies the economy is not doing well, which correlates with Solana (Sol) being down.",won,1.06,2026-04-13T09:50:00+00:00,5m,9,0.0000,0.9450
2026-04-13T09:49:29.894028+00:00,hype-updown-5m-1776073500,"Hyperliquid Up or Down - April 13, 5:45AM-5:50AM ET",arbitrage,YES,0.8500,1.00,1.00,"Trump�s strait blockade risks another serious blow to the global economy - Similar to the previous reason, this also suggests the economy is not doing well, which is a negative for Hyperliquid.",won,1.18,2026-04-13T09:50:00+00:00,5m,9,0.0000,0.8500
2026-04-13T09:49:29.895486+00:00,xrp-updown-5m-1776073500,"XRP Up or Down - April 13, 5:45AM-5:50AM ET",arbitrage,NO,0.6150,1.00,1.00,"Trump�s strait blockade risks another serious blow to the global economy - Similar to previous reasons, this suggests the economy is not doing well, which is a negative for XRP.",lost,0.00,2026-04-13T09:50:00+00:00,5m,9,0.0000,0.6150
2026-04-13T09:54:31.828327+00:00,btc-updown-5m-1776073800,"Bitcoin Up or Down - April 13, 5:50AM-5:55AM ET",arbitrage,NO,0.4350,1.00,1.00,"The headline from Geopolitical Economy Report, 'The war on Iran is transforming the global economy: Economist Michael Hudson explains how', suggests the global economy and potentially Bitcoin has been impacted. However, this does not directly impact the short-term performance for that given morning.",won,2.30,2026-04-13T09:55:00+00:00,5m,9,0.0000,0.4350
2026-04-13T09:54:31.830969+00:00,doge-updown-5m-1776073800,"Dogecoin Up or Down - April 13, 5:50AM-5:55AM ET",arbitrage,NO,0.5550,1.00,0.85,"The CNN headline, 'Trump�s strait blockade risks another serious blow to the global economy', is related to the global economy and by extension could impact cryptocurrency markets negatively, directly answering the question.",lost,0.00,2026-04-13T09:55:00+00:00,5m,9,0.0000,0.5550
2026-04-13T09:54:40.300492+00:00,sol-updown-5m-1776073800,"Solana Up or Down - April 13, 5:50AM-5:55AM ET",updown,NO,0.8050,1.00,0.32,"SOL implied DOWN at 20%, edge -7.6%, 22s to close, price confirms (-0.024%)",won,1.24,2026-04-13T09:55:00+00:00,5m,9,0.0000,0.8050
2026-04-13T09:59:30.474384+00:00,bnb-updown-5m-1776074100,"BNB Up or Down - April 13, 5:55AM-6:00AM ET",updown,NO,0.8500,1.00,0.34,"BNB implied DOWN at 15%, edge -8.2%, 30s to close, price confirms (-0.002%)",won,1.18,2026-04-13T10:00:00+00:00,5m,9,0.0000,0.8500
2026-04-13T10:09:45.441472+00:00,bnb-updown-5m-1776074700,"BNB Up or Down - April 13, 6:05AM-6:10AM ET",arbitrage,NO,0.0650,1.24,1.00,Trump�s strait blockade risks another serious blow to the global economy,lost,0.00,2026-04-13T10:10:00+00:00,5m,9,0.0000,0.0650
2026-04-13T10:09:45.443049+00:00,btc-updown-5m-1776074700,"Bitcoin Up or Down - April 13, 6:05AM-6:10AM ET",arbitrage,NO,0.0650,1.03,1.00,Trump�s strait blockade risks another serious blow to the global economy,lost,0.00,2026-04-13T10:10:00+00:00,5m,9,0.0000,0.0650
2026-04-13T10:09:45.444141+00:00,sol-updown-5m-1776074700,"Solana Up or Down - April 13, 6:05AM-6:10AM ET",arbitrage,NO,0.0500,1.00,1.00,Trump�s strait blockade risks another serious blow to the global economy,lost,0.00,2026-04-13T10:10:00+00:00,5m,9,0.0000,0.0500
2026-04-13T10:09:45.444912+00:00,hype-updown-5m-1776074700,"Hyperliquid Up or Down - April 13, 6:05AM-6:10AM ET",arbitrage,NO,0.8050,1.00,1.00,Economic Warfare: The New Battlefield in Global Politics,won,1.24,2026-04-13T10:10:00+00:00,5m,9,0.0000,0.8050
2026-04-13T10:09:45.445848+00:00,xrp-updown-5m-1776074700,"XRP Up or Down - April 13, 6:05AM-6:10AM ET",arbitrage,NO,0.4250,1.00,0.85,Economic Warfare: The New Battlefield in Global Politics,won,2.35,2026-04-13T10:10:00+00:00,5m,9,0.0000,0.4250
2026-04-13T10:09:45.446826+00:00,eth-updown-5m-1776074700,"Ethereum Up or Down - April 13, 6:05AM-6:10AM ET",arbitrage,NO,0.5850,1.00,0.85,Economic Warfare: The New Battlefield in GlobalPolitics,won,1.71,2026-04-13T10:10:00+00:00,5m,9,0.0000,0.5850
2026-04-13T10:14:46.118565+00:00,sol-updown-15m-1776074400,"Solana Up or Down - April 13, 6:00AM-6:15AM ET",arbitrage,NO,0.0950,1.00,1.00,CNN mentions 'serious blow to the global economy',lost,0.00,2026-04-13T10:15:00+00:00,15m,9,0.0000,0.0950
2026-04-13T10:19:27.613783+00:00,eth-updown-5m-1776075300,"Ethereum Up or Down - April 13, 6:15AM-6:20AM ET",updown,NO,0.8550,1.00,0.31,"ETH implied DOWN at 14%, edge -7.3%, 32s to close, price neutral (+0.000%)",won,1.17,2026-04-13T10:20:00+00:00,5m,9,0.0000,0.8550
2026-04-13T10:19:50.036381+00:00,hype-updown-5m-1776075300,"Hyperliquid Up or Down - April 13, 6:15AM-6:20AM ET",arbitrage,NO,0.2650,1.00,1.00,Article from CNN mentions a 'serious blow' which implies a negative impact on the global economy and potentially on the hyperliquid market.,lost,0.00,2026-04-13T10:20:00+00:00,5m,9,0.0000,0.2650
2026-04-13T10:19:50.039180+00:00,btc-updown-5m-1776075300,"Bitcoin Up or Down - April 13, 6:15AM-6:20AM ET",arbitrage,NO,0.9950,1.00,1.00,"Article from Geopolitical Economy Report explicitly states that the war on Iran is transforming the global economy, implying a potential negative impact on the global economy and the Bitcoin market.",won,1.01,2026-04-13T10:20:00+00:00,5m,9,0.0000,0.9950
2026-04-13T10:24:27.748647+00:00,bnb-updown-5m-1776075600,"BNB Up or Down - April 13, 6:20AM-6:25AM ET",updown,YES,0.8600,1.00,0.31,"BNB implied UP at 86%, edge +7.4%, 32s to close, price neutral (+0.000%)",lost,0.00,2026-04-13T10:25:00+00:00,5m,9,0.0000,0.8600
2026-04-13T10:24:27.768703+00:00,sol-updown-5m-1776075600,"Solana Up or Down - April 13, 6:20AM-6:25AM ET",updown,YES,0.8050,1.00,0.27,"SOL implied UP at 80%, edge +6.6%, 32s to close, price neutral (+0.000%)",lost,0.00,2026-04-13T10:25:00+00:00,5m,9,0.0000,0.8050
2026-04-13T10:24:54.850049+00:00,hype-updown-5m-1776075600,"Hyperliquid Up or Down - April 13, 6:20AM-6:25AM ET",arbitrage,NO,0.0950,1.00,1.00,"Trump�s strait blockade risks another serious blow to the global economy - This headline implies a negative economic impact of a blockade, aligning with a 'no' vote on the hype price going up.",won,10.53,2026-04-13T10:25:00+00:00,5m,9,0.0000,0.0950
2026-04-13T10:24:54.852493+00:00,btc-updown-5m-1776075600,"Bitcoin Up or Down - April 13, 6:20AM-6:25AM ET",arbitrage,NO,0.2050,1.00,1.00,Trump�s strait blockade risks another serious blow to the global economy - A significant economic blow would likely negatively impact the price of Bitcoin.,won,4.88,2026-04-13T10:25:00+00:00,5m,9,0.0000,0.2050
2026-04-13T12:19:30.269089+00:00,bnb-updown-5m-1776082500,"BNB Up or Down - April 13, 8:15AM-8:20AM ET",updown,NO,0.8350,1.00,0.29,"BNB implied DOWN at 16%, edge -7.0%, 30s to close",won,1.20,2026-04-13T12:20:00+00:00,5m,9,0.0000,0.8350
2026-04-13T12:29:25.330587+00:00,xrp-updown-5m-1776083100,"XRP Up or Down - April 13, 8:25AM-8:30AM ET",updown,NO,0.8250,1.00,0.29,"XRP implied DOWN at 18%, edge -6.9%, 35s to close",won,1.21,2026-04-13T12:30:00+00:00,5m,9,0.0000,0.8250
2026-04-13T12:34:25.423197+00:00,sol-updown-5m-1776083400,"Solana Up or Down - April 13, 8:30AM-8:35AM ET",updown,NO,0.8350,1.00,0.29,"SOL implied DOWN at 16%, edge -7.0%, 35s to close",lost,0.00,2026-04-13T12:35:00+00:00,5m,9,0.0000,0.8350
2026-04-13T12:34:25.424433+00:00,eth-updown-5m-1776083400,"Ethereum Up or Down - April 13, 8:30AM-8:35AM ET",updown,NO,0.8300,1.00,0.29,"ETH implied DOWN at 17%, edge -6.9%, 35s to close",lost,0.00,2026-04-13T12:35:00+00:00,5m,9,0.0000,0.8300
2026-04-13T12:34:25.425083+00:00,bnb-updown-5m-1776083400,"BNB Up or Down - April 13, 8:30AM-8:35AM ET",updown,NO,0.8150,1.00,0.28,"BNB implied DOWN at 18%, edge -6.7%, 35s to close",lost,0.00,2026-04-13T12:35:00+00:00,5m,9,0.0000,0.8150
2026-04-13T12:44:26.806095+00:00,eth-updown-5m-1776084000,"Ethereum Up or Down - April 13, 8:40AM-8:45AM ET",updown,NO,0.8550,1.00,0.31,"ETH implied DOWN at 14%, edge -7.3%, 33s to close, price neutral (+0.000%)",lost,0.00,2026-04-13T12:45:00+00:00,5m,9,0.0000,0.8550
2026-04-13T12:44:26.808251+00:00,xrp-updown-5m-1776084000,"XRP Up or Down - April 13, 8:40AM-8:45AM ET",updown,NO,0.8450,1.00,0.30,"XRP implied DOWN at 16%, edge -7.2%, 33s to close, price neutral (+0.000%)",lost,0.00,2026-04-13T12:45:00+00:00,5m,9,0.0000,0.8450
timestamp,market_slug,question,strategy,side,entry_price,size,confidence,reason,status,payout,end_date,market_type,strategy_version,fees,fill_price
2026-04-13T01:59:33.712387+00:00,xrp-updown-5m-1776045300,"XRP Up or Down - April 12, 9:55PM-10:00PM ET",updown,YES,0.8750,1.00,0.31,"XRP implied UP at 88%, edge +7.5%, 26s to close, price neutral (+0.000%)",won,1.14,2026-04-13T02:00:00+00:00,5m,9,0.0000,0.8750
2026-04-13T01:59:33.713662+00:00,bnb-updown-5m-1776045300,"BNB Up or Down - April 12, 9:55PM-10:00PM ET",updown,YES,0.8300,1.00,0.29,"BNB implied UP at 83%, edge +7.0%, 26s to close, price neutral (+0.000%)",won,1.20,2026-04-13T02:00:00+00:00,5m,9,0.0000,0.8300
2026-04-13T01:59:43.837757+00:00,eth-updown-15m-1776044700,"Ethereum Up or Down - April 12, 9:45PM-10:00PM ET",updown,NO,0.8050,1.00,0.50,"ETH implied DOWN at 20%, edge -7.6%, 16s to close, price confirms (-0.005%)",won,1.24,2026-04-13T02:00:00+00:00,15m,9,0.0000,0.8050
2026-04-13T02:04:31.962902+00:00,bnb-updown-5m-1776045600,"BNB Up or Down - April 12, 10:00PM-10:05PM ET",updown,YES,0.8750,1.00,0.31,"BNB implied UP at 88%, edge +7.5%, 28s to close, price neutral (-0.032%)",won,1.14,2026-04-13T02:05:00+00:00,5m,9,0.0000,0.8750
2026-04-13T02:04:31.964254+00:00,sol-updown-5m-1776045600,"Solana Up or Down - April 12, 10:00PM-10:05PM ET",updown,YES,0.8450,1.00,0.30,"SOL implied UP at 84%, edge +7.2%, 29s to close, price neutral (-0.085%)",lost,0.00,2026-04-13T02:05:00+00:00,5m,9,0.0000,0.8450
2026-04-13T02:09:38.946963+00:00,doge-updown-5m-1776045900,"Dogecoin Up or Down - April 12, 10:05PM-10:10PM ET",updown,NO,0.8650,1.00,0.31,"DOGE implied DOWN at 14%, edge -7.5%, 21s to close",won,1.16,2026-04-13T02:10:00+00:00,5m,9,0.0000,0.8650
2026-04-13T02:14:32.871910+00:00,bnb-updown-5m-1776046200,"BNB Up or Down - April 12, 10:10PM-10:15PM ET",updown,NO,0.8700,1.00,0.31,"BNB implied DOWN at 13%, edge -7.5%, 27s to close",won,1.15,2026-04-13T02:15:00+00:00,5m,9,0.0000,0.8700
2026-04-13T02:14:32.873963+00:00,hype-updown-5m-1776046200,"Hyperliquid Up or Down - April 12, 10:10PM-10:15PM ET",updown,NO,0.8750,1.00,0.31,"HYPE implied DOWN at 12%, edge -7.5%, 27s to close",won,1.14,2026-04-13T02:15:00+00:00,5m,9,0.0000,0.8750
2026-04-13T02:34:37.489893+00:00,doge-updown-5m-1776047400,"Dogecoin Up or Down - April 12, 10:30PM-10:35PM ET",updown,NO,0.8350,1.00,0.29,"DOGE implied DOWN at 16%, edge -7.0%, 23s to close",won,1.20,2026-04-13T02:35:00+00:00,5m,9,0.0000,0.8350
2026-04-13T02:54:54.966069+00:00,sol-updown-5m-1776048600,"Solana Up or Down - April 12, 10:50PM-10:55PM ET",arbitrage,NO,0.7600,1.21,1.00,Solana experienced a significant drop in value in the latest news 'Economic Warfare: The New Battlefield in Global Politics' hints at potential economic instability.,won,1.59,2026-04-13T02:55:00+00:00,5m,9,0.0000,0.7600
2026-04-13T02:54:54.968361+00:00,doge-updown-5m-1776048600,"Dogecoin Up or Down - April 12, 10:50PM-10:55PM ET",arbitrage,NO,0.6750,1.64,1.00,Dogecoin dropped in value according to news 'The war on Iran is transforming the global economy' likely impacted cryptocurrency values.,won,2.43,2026-04-13T02:55:00+00:00,5m,9,0.0000,0.6750
2026-04-13T02:54:54.970672+00:00,bnb-updown-5m-1776048600,"BNB Up or Down - April 12, 10:50PM-10:55PM ET",arbitrage,NO,0.9550,1.00,1.00,BNB is not mentioned in the headlines in relation to value changes or up/down potential.,won,1.05,2026-04-13T02:55:00+00:00,5m,9,0.0000,0.9550
2026-04-13T02:54:54.972478+00:00,eth-updown-5m-1776048600,"Ethereum Up or Down - April 12, 10:50PM-10:55PM ET",arbitrage,NO,0.7350,1.00,1.00,Cryptocurrencies like Ethereum are not mentioned in the headlines regarding their up/down values.,won,1.36,2026-04-13T02:55:00+00:00,5m,9,0.0000,0.7350
2026-04-13T02:54:54.974563+00:00,btc-updown-5m-1776048600,"Bitcoin Up or Down - April 12, 10:50PM-10:55PM ET",arbitrage,NO,0.5850,1.06,0.95,Bitcoin was not directly related to any headlines that provided market value data. 'Economic Warfare' hints at instability but doesn't directly impact Bitcoin markets.,lost,0.00,2026-04-13T02:55:00+00:00,5m,9,0.0000,0.5850
2026-04-13T03:04:27.216151+00:00,eth-updown-5m-1776049200,"Ethereum Up or Down - April 12, 11:00PM-11:05PM ET",updown,NO,0.8150,1.00,0.32,"ETH implied DOWN at 18%, edge -7.7%, 33s to close, price confirms (-0.002%)",lost,0.00,2026-04-13T03:05:00+00:00,5m,9,0.0000,0.8150
2026-04-13T03:04:27.217126+00:00,sol-updown-5m-1776049200,"Solana Up or Down - April 12, 11:00PM-11:05PM ET",updown,NO,0.8650,1.00,0.31,"SOL implied DOWN at 14%, edge -7.5%, 33s to close, price neutral (+0.012%)",lost,0.00,2026-04-13T03:05:00+00:00,5m,9,0.0000,0.8650
2026-04-13T03:04:27.218019+00:00,xrp-updown-5m-1776049200,"XRP Up or Down - April 12, 11:00PM-11:05PM ET",updown,NO,0.8150,1.00,0.28,"XRP implied DOWN at 18%, edge -6.7%, 33s to close, price neutral (+0.000%)",lost,0.00,2026-04-13T03:05:00+00:00,5m,9,0.0000,0.8150
2026-04-13T03:14:27.361005+00:00,bnb-updown-5m-1776049800,"BNB Up or Down - April 12, 11:10PM-11:15PM ET",updown,YES,0.8050,1.00,0.32,"BNB implied UP at 80%, edge +7.6%, 33s to close, price confirms (+0.003%)",won,1.24,2026-04-13T03:15:00+00:00,5m,9,0.0000,0.8050
2026-04-13T03:14:42.079109+00:00,eth-updown-15m-1776049200,"Ethereum Up or Down - April 12, 11:00PM-11:15PM ET",updown,NO,0.8200,1.00,0.48,"ETH implied DOWN at 18%, edge -7.8%, 18s to close, price confirms (-0.006%)",won,1.22,2026-04-13T03:15:00+00:00,15m,9,0.0000,0.8200
2026-04-13T03:14:42.081318+00:00,sol-updown-15m-1776049200,"Solana Up or Down - April 12, 11:00PM-11:15PM ET",updown,NO,0.8750,1.00,0.46,"SOL implied DOWN at 12%, edge -7.5%, 18s to close, price neutral (+0.000%)",won,1.14,2026-04-13T03:15:00+00:00,15m,9,0.0000,0.8750
2026-04-13T03:24:27.402989+00:00,eth-updown-5m-1776050400,"Ethereum Up or Down - April 12, 11:20PM-11:25PM ET",updown,NO,0.8350,1.00,0.33,"ETH implied DOWN at 16%, edge -8.0%, 33s to close, price confirms (-0.031%)",won,1.20,2026-04-13T03:25:00+00:00,5m,9,0.0000,0.8350
2026-04-13T03:24:27.403712+00:00,xrp-updown-5m-1776050400,"XRP Up or Down - April 12, 11:20PM-11:25PM ET",updown,NO,0.8250,1.00,0.29,"XRP implied DOWN at 18%, edge -6.9%, 33s to close, price neutral (+0.000%)",won,1.21,2026-04-13T03:25:00+00:00,5m,9,0.0000,0.8250
2026-04-13T03:29:27.322135+00:00,eth-updown-5m-1776050700,"Ethereum Up or Down - April 12, 11:25PM-11:30PM ET",updown,YES,0.8750,1.00,0.31,"ETH implied UP at 88%, edge +7.5%, 33s to close, price confirms (+0.007%)",won,1.14,2026-04-13T03:30:00+00:00,5m,9,0.0000,0.8750
2026-04-13T03:39:27.391826+00:00,sol-updown-5m-1776051300,"Solana Up or Down - April 12, 11:35PM-11:40PM ET",updown,NO,0.8250,1.00,0.33,"SOL implied DOWN at 18%, edge -7.9%, 33s to close, price confirms (-0.012%)",won,1.21,2026-04-13T03:40:00+00:00,5m,9,0.0000,0.8250
2026-04-13T03:49:42.212840+00:00,bnb-updown-5m-1776051900,"BNB Up or Down - April 12, 11:45PM-11:50PM ET",updown,NO,0.8600,1.00,0.40,"BNB implied DOWN at 14%, edge -8.4%, 18s to close, price confirms (-0.002%)",won,1.16,2026-04-13T03:50:00+00:00,5m,9,0.0000,0.8600
2026-04-13T03:49:42.213850+00:00,eth-updown-5m-1776051900,"Ethereum Up or Down - April 12, 11:45PM-11:50PM ET",updown,NO,0.8550,1.00,0.35,"ETH implied DOWN at 14%, edge -7.3%, 18s to close, price neutral (+0.004%)",won,1.17,2026-04-13T03:50:00+00:00,5m,9,0.0000,0.8550
2026-04-13T03:59:28.651465+00:00,eth-updown-5m-1776052500,"Ethereum Up or Down - April 12, 11:55PM-12:00AM ET",updown,YES,0.8200,1.00,0.32,"ETH implied UP at 82%, edge +7.8%, 31s to close, price confirms (+0.001%)",won,1.22,2026-04-13T04:00:00+00:00,5m,9,0.0000,0.8200
2026-04-13T03:59:42.251761+00:00,sol-updown-5m-1776052500,"Solana Up or Down - April 12, 11:55PM-12:00AM ET",updown,YES,0.8750,1.00,0.36,"SOL implied UP at 88%, edge +7.5%, 18s to close, price neutral (+0.000%)",won,1.14,2026-04-13T04:00:00+00:00,5m,9,0.0000,0.8750
2026-04-13T04:04:27.482728+00:00,bnb-updown-5m-1776052800,"BNB Up or Down - April 13, 12:00AM-12:05AM ET",updown,YES,0.8200,1.00,0.28,"BNB implied UP at 82%, edge +6.8%, 33s to close, price neutral (+0.000%)",won,1.22,2026-04-13T04:05:00+00:00,5m,9,0.0000,0.8200
2026-04-13T04:09:27.448072+00:00,eth-updown-5m-1776053100,"Ethereum Up or Down - April 13, 12:05AM-12:10AM ET",updown,NO,0.8650,1.00,0.31,"ETH implied DOWN at 14%, edge -7.5%, 33s to close, price neutral (+0.008%)",won,1.16,2026-04-13T04:10:00+00:00,5m,9,0.0000,0.8650
2026-04-13T04:09:27.450344+00:00,hype-updown-5m-1776053100,"Hyperliquid Up or Down - April 13, 12:05AM-12:10AM ET",updown,NO,0.8400,1.00,0.30,"HYPE implied DOWN at 16%, edge -7.1%, 33s to close",won,1.19,2026-04-13T04:10:00+00:00,5m,9,0.0000,0.8400
2026-04-13T04:14:27.553650+00:00,sol-updown-5m-1776053400,"Solana Up or Down - April 13, 12:10AM-12:15AM ET",updown,YES,0.8500,1.00,0.30,"SOL implied UP at 85%, edge +7.3%, 32s to close, price neutral (+0.000%)",won,1.18,2026-04-13T04:15:00+00:00,5m,9,0.0000,0.8500
2026-04-13T04:19:37.308378+00:00,eth-updown-5m-1776053700,"Ethereum Up or Down - April 13, 12:15AM-12:20AM ET",updown,NO,0.8450,1.00,0.34,"ETH implied DOWN at 16%, edge -8.2%, 23s to close, price confirms (-0.009%)",won,1.18,2026-04-13T04:20:00+00:00,5m,9,0.0000,0.8450
2026-04-13T04:29:27.526748+00:00,doge-updown-5m-1776054300,"Dogecoin Up or Down - April 13, 12:25AM-12:30AM ET",updown,YES,0.8750,1.00,0.31,"DOGE implied UP at 88%, edge +7.5%, 32s to close, price neutral (-0.003%)",won,1.14,2026-04-13T04:30:00+00:00,5m,9,0.0000,0.8750
2026-04-13T04:34:27.550741+00:00,xrp-updown-5m-1776054600,"XRP Up or Down - April 13, 12:30AM-12:35AM ET",updown,YES,0.8650,1.00,0.31,"XRP implied UP at 86%, edge +7.5%, 32s to close, price neutral (+0.000%)",won,1.16,2026-04-13T04:35:00+00:00,5m,9,0.0000,0.8650
2026-04-13T04:39:30.263736+00:00,xrp-updown-5m-1776054900,"XRP Up or Down - April 13, 12:35AM-12:40AM ET",updown,NO,0.8750,1.00,0.31,"XRP implied DOWN at 12%, edge -7.5%, 33s to close, price confirms (-0.293%)",lost,0.00,2026-04-13T04:40:00+00:00,5m,9,0.0000,0.8750
2026-04-13T04:39:47.630614+00:00,eth-updown-5m-1776054900,"Ethereum Up or Down - April 13, 12:35AM-12:40AM ET",updown,NO,0.8750,1.00,0.47,"ETH implied DOWN at 12%, edge -7.5%, 13s to close, price confirms (-0.012%)",lost,0.00,2026-04-13T04:40:00+00:00,5m,9,0.0000,0.8750
2026-04-13T04:59:42.439145+00:00,sol-updown-15m-1776055500,"Solana Up or Down - April 13, 12:45AM-1:00AM ET",updown,NO,0.8700,1.00,0.50,"SOL implied DOWN at 13%, edge -8.0%, 18s to close, price confirms (-0.012%)",won,1.15,2026-04-13T05:00:00+00:00,15m,9,0.0000,0.8700
2026-04-13T04:59:42.441865+00:00,bnb-updown-5m-1776056100,"BNB Up or Down - April 13, 12:55AM-1:00AM ET",updown,NO,0.8250,1.00,0.38,"BNB implied DOWN at 18%, edge -7.9%, 18s to close, price confirms (-0.002%)",won,1.21,2026-04-13T05:00:00+00:00,5m,9,0.0000,0.8250
2026-04-13T05:09:27.697285+00:00,xrp-updown-5m-1776056700,"XRP Up or Down - April 13, 1:05AM-1:10AM ET",updown,NO,0.8150,1.00,0.28,"XRP implied DOWN at 18%, edge -6.7%, 32s to close, price neutral (+0.000%)",won,1.23,2026-04-13T05:10:00+00:00,5m,9,0.0000,0.8150
2026-04-13T05:13:39.631789+00:00,xrp-updown-5m-1776057000,"XRP Up or Down - April 13, 1:10AM-1:15AM ET",arbitrage,YES,0.7350,1.16,1.00,XRP is up,won,1.57,2026-04-13T05:15:00+00:00,5m,9,0.0000,0.7350
2026-04-13T05:13:39.633751+00:00,xrp-updown-15m-1776056400,"XRP Up or Down - April 13, 1:00AM-1:15AM ET",arbitrage,YES,0.3350,1.35,0.93,XRP is likely up,won,4.04,2026-04-13T05:15:00+00:00,15m,9,0.0000,0.3350
2026-04-13T05:13:39.635316+00:00,btc-updown-5m-1776057000,"Bitcoin Up or Down - April 13, 1:10AM-1:15AM ET",arbitrage,NO,0.5450,1.18,1.00,Bitcoin is not up,lost,0.00,2026-04-13T05:15:00+00:00,5m,9,0.0000,0.5450
2026-04-13T05:13:39.636007+00:00,sol-updown-5m-1776057000,"Solana Up or Down - April 13, 1:10AM-1:15AM ET",arbitrage,NO,0.7450,1.00,1.00,Solana is not up,won,1.34,2026-04-13T05:15:00+00:00,5m,9,0.0000,0.7450
2026-04-13T05:13:39.636754+00:00,eth-updown-5m-1776057000,"Ethereum Up or Down - April 13, 1:10AM-1:15AM ET",arbitrage,YES,0.6550,1.00,1.00,Ethereum is up,won,1.53,2026-04-13T05:15:00+00:00,5m,9,0.0000,0.6550
2026-04-13T05:13:39.637734+00:00,eth-updown-15m-1776056400,"Ethereum Up or Down - April 13, 1:00AM-1:15AM ET",arbitrage,NO,0.9750,1.00,1.00,Ethereum is not up,won,1.03,2026-04-13T05:15:00+00:00,15m,9,0.0000,0.9750
2026-04-13T05:18:39.976395+00:00,btc-updown-5m-1776057300,"Bitcoin Up or Down - April 13, 1:15AM-1:20AM ET",arbitrage,NO,0.2950,1.00,1.00,"The World Economic Forum mentions 2026, but it does not impact this 5 minute time frame.",lost,0.00,2026-04-13T05:20:00+00:00,5m,9,0.0000,0.2950
2026-04-13T05:28:59.186987+00:00,btc-updown-15m-1776057300,"Bitcoin Up or Down - April 13, 1:15AM-1:30AM ET",arbitrage,NO,0.2350,2.11,1.00,"The war on Iran is transforming the global economy, indicating a negative impact on Bitcoin.",lost,0.00,2026-04-13T05:30:00+00:00,15m,9,0.0000,0.2350
2026-04-13T05:28:59.188914+00:00,sol-updown-15m-1776057300,"Solana Up or Down - April 13, 1:15AM-1:30AM ET",arbitrage,NO,0.7700,1.05,1.00,"The war on Iran is transforming the global economy, indicating a negative impact on Solana.",lost,0.00,2026-04-13T05:30:00+00:00,15m,9,0.0000,0.7700
2026-04-13T05:34:27.564465+00:00,doge-updown-5m-1776058200,"Dogecoin Up or Down - April 13, 1:30AM-1:35AM ET",updown,NO,0.8550,1.00,0.31,"DOGE implied DOWN at 14%, edge -7.3%, 32s to close, price neutral (+0.000%)",won,1.17,2026-04-13T05:35:00+00:00,5m,9,0.0000,0.8550
2026-04-13T05:34:27.565280+00:00,sol-updown-5m-1776058200,"Solana Up or Down - April 13, 1:30AM-1:35AM ET",updown,NO,0.8350,1.00,0.29,"SOL implied DOWN at 16%, edge -7.0%, 32s to close, price neutral (+0.000%)",won,1.20,2026-04-13T05:35:00+00:00,5m,9,0.0000,0.8350
2026-04-13T09:34:27.431838+00:00,doge-updown-5m-1776072600,"Dogecoin Up or Down - April 13, 5:30AM-5:35AM ET",updown,NO,0.8700,1.00,0.31,"DOGE implied DOWN at 13%, edge -7.5%, 33s to close",won,1.15,2026-04-13T09:35:00+00:00,5m,9,0.0000,0.8700
2026-04-13T09:39:27.828663+00:00,doge-updown-5m-1776072900,"Dogecoin Up or Down - April 13, 5:35AM-5:40AM ET",updown,YES,0.8050,1.00,0.27,"DOGE implied UP at 80%, edge +6.6%, 32s to close, price neutral (-0.016%)",won,1.24,2026-04-13T09:40:00+00:00,5m,9,0.0000,0.8050
2026-04-13T09:44:30.440129+00:00,xrp-updown-15m-1776072600,"XRP Up or Down - April 13, 5:30AM-5:45AM ET",arbitrage,NO,0.1800,1.71,1.00,CNN reports Trump's strait blockade risks another serious blow to the global economy,lost,0.00,2026-04-13T09:45:00+00:00,15m,9,0.0000,0.1800
2026-04-13T09:44:30.441133+00:00,btc-updown-15m-1776072600,"Bitcoin Up or Down - April 13, 5:30AM-5:45AM ET",arbitrage,NO,0.3750,1.42,1.00,"The headline implies a negative economic impact, which would likely affect Bitcoin's value",lost,0.00,2026-04-13T09:45:00+00:00,15m,9,0.0000,0.3750
2026-04-13T09:49:27.632549+00:00,bnb-updown-5m-1776073500,"BNB Up or Down - April 13, 5:45AM-5:50AM ET",updown,NO,0.8500,1.00,0.30,"BNB implied DOWN at 15%, edge -7.2%, 32s to close, price neutral (+0.000%)",won,1.18,2026-04-13T09:50:00+00:00,5m,9,0.0000,0.8500
2026-04-13T09:49:27.633852+00:00,eth-updown-5m-1776073500,"Ethereum Up or Down - April 13, 5:45AM-5:50AM ET",updown,NO,0.8250,1.00,0.29,"ETH implied DOWN at 18%, edge -6.9%, 32s to close, price neutral (+0.000%)",won,1.21,2026-04-13T09:50:00+00:00,5m,9,0.0000,0.8250
2026-04-13T09:49:29.891682+00:00,sol-updown-5m-1776073500,"Solana Up or Down - April 13, 5:45AM-5:50AM ET",arbitrage,NO,0.9450,1.00,1.00,"Trump�s strait blockade risks another serious blow to the global economy - This directly implies the economy is not doing well, which correlates with Solana (Sol) being down.",won,1.06,2026-04-13T09:50:00+00:00,5m,9,0.0000,0.9450
2026-04-13T09:49:29.894028+00:00,hype-updown-5m-1776073500,"Hyperliquid Up or Down - April 13, 5:45AM-5:50AM ET",arbitrage,YES,0.8500,1.00,1.00,"Trump�s strait blockade risks another serious blow to the global economy - Similar to the previous reason, this also suggests the economy is not doing well, which is a negative for Hyperliquid.",won,1.18,2026-04-13T09:50:00+00:00,5m,9,0.0000,0.8500
2026-04-13T09:49:29.895486+00:00,xrp-updown-5m-1776073500,"XRP Up or Down - April 13, 5:45AM-5:50AM ET",arbitrage,NO,0.6150,1.00,1.00,"Trump�s strait blockade risks another serious blow to the global economy - Similar to previous reasons, this suggests the economy is not doing well, which is a negative for XRP.",lost,0.00,2026-04-13T09:50:00+00:00,5m,9,0.0000,0.6150
2026-04-13T09:54:31.828327+00:00,btc-updown-5m-1776073800,"Bitcoin Up or Down - April 13, 5:50AM-5:55AM ET",arbitrage,NO,0.4350,1.00,1.00,"The headline from Geopolitical Economy Report, 'The war on Iran is transforming the global economy: Economist Michael Hudson explains how', suggests the global economy and potentially Bitcoin has been impacted. However, this does not directly impact the short-term performance for that given morning.",won,2.30,2026-04-13T09:55:00+00:00,5m,9,0.0000,0.4350
2026-04-13T09:54:31.830969+00:00,doge-updown-5m-1776073800,"Dogecoin Up or Down - April 13, 5:50AM-5:55AM ET",arbitrage,NO,0.5550,1.00,0.85,"The CNN headline, 'Trump�s strait blockade risks another serious blow to the global economy', is related to the global economy and by extension could impact cryptocurrency markets negatively, directly answering the question.",lost,0.00,2026-04-13T09:55:00+00:00,5m,9,0.0000,0.5550
2026-04-13T09:54:40.300492+00:00,sol-updown-5m-1776073800,"Solana Up or Down - April 13, 5:50AM-5:55AM ET",updown,NO,0.8050,1.00,0.32,"SOL implied DOWN at 20%, edge -7.6%, 22s to close, price confirms (-0.024%)",won,1.24,2026-04-13T09:55:00+00:00,5m,9,0.0000,0.8050
2026-04-13T09:59:30.474384+00:00,bnb-updown-5m-1776074100,"BNB Up or Down - April 13, 5:55AM-6:00AM ET",updown,NO,0.8500,1.00,0.34,"BNB implied DOWN at 15%, edge -8.2%, 30s to close, price confirms (-0.002%)",won,1.18,2026-04-13T10:00:00+00:00,5m,9,0.0000,0.8500
2026-04-13T10:09:45.441472+00:00,bnb-updown-5m-1776074700,"BNB Up or Down - April 13, 6:05AM-6:10AM ET",arbitrage,NO,0.0650,1.24,1.00,Trump�s strait blockade risks another serious blow to the global economy,lost,0.00,2026-04-13T10:10:00+00:00,5m,9,0.0000,0.0650
2026-04-13T10:09:45.443049+00:00,btc-updown-5m-1776074700,"Bitcoin Up or Down - April 13, 6:05AM-6:10AM ET",arbitrage,NO,0.0650,1.03,1.00,Trump�s strait blockade risks another serious blow to the global economy,lost,0.00,2026-04-13T10:10:00+00:00,5m,9,0.0000,0.0650
2026-04-13T10:09:45.444141+00:00,sol-updown-5m-1776074700,"Solana Up or Down - April 13, 6:05AM-6:10AM ET",arbitrage,NO,0.0500,1.00,1.00,Trump�s strait blockade risks another serious blow to the global economy,lost,0.00,2026-04-13T10:10:00+00:00,5m,9,0.0000,0.0500
2026-04-13T10:09:45.444912+00:00,hype-updown-5m-1776074700,"Hyperliquid Up or Down - April 13, 6:05AM-6:10AM ET",arbitrage,NO,0.8050,1.00,1.00,Economic Warfare: The New Battlefield in Global Politics,won,1.24,2026-04-13T10:10:00+00:00,5m,9,0.0000,0.8050
2026-04-13T10:09:45.445848+00:00,xrp-updown-5m-1776074700,"XRP Up or Down - April 13, 6:05AM-6:10AM ET",arbitrage,NO,0.4250,1.00,0.85,Economic Warfare: The New Battlefield in Global Politics,won,2.35,2026-04-13T10:10:00+00:00,5m,9,0.0000,0.4250
2026-04-13T10:09:45.446826+00:00,eth-updown-5m-1776074700,"Ethereum Up or Down - April 13, 6:05AM-6:10AM ET",arbitrage,NO,0.5850,1.00,0.85,Economic Warfare: The New Battlefield in GlobalPolitics,won,1.71,2026-04-13T10:10:00+00:00,5m,9,0.0000,0.5850
2026-04-13T10:14:46.118565+00:00,sol-updown-15m-1776074400,"Solana Up or Down - April 13, 6:00AM-6:15AM ET",arbitrage,NO,0.0950,1.00,1.00,CNN mentions 'serious blow to the global economy',lost,0.00,2026-04-13T10:15:00+00:00,15m,9,0.0000,0.0950
2026-04-13T10:19:27.613783+00:00,eth-updown-5m-1776075300,"Ethereum Up or Down - April 13, 6:15AM-6:20AM ET",updown,NO,0.8550,1.00,0.31,"ETH implied DOWN at 14%, edge -7.3%, 32s to close, price neutral (+0.000%)",won,1.17,2026-04-13T10:20:00+00:00,5m,9,0.0000,0.8550
2026-04-13T10:19:50.036381+00:00,hype-updown-5m-1776075300,"Hyperliquid Up or Down - April 13, 6:15AM-6:20AM ET",arbitrage,NO,0.2650,1.00,1.00,Article from CNN mentions a 'serious blow' which implies a negative impact on the global economy and potentially on the hyperliquid market.,lost,0.00,2026-04-13T10:20:00+00:00,5m,9,0.0000,0.2650
2026-04-13T10:19:50.039180+00:00,btc-updown-5m-1776075300,"Bitcoin Up or Down - April 13, 6:15AM-6:20AM ET",arbitrage,NO,0.9950,1.00,1.00,"Article from Geopolitical Economy Report explicitly states that the war on Iran is transforming the global economy, implying a potential negative impact on the global economy and the Bitcoin market.",won,1.01,2026-04-13T10:20:00+00:00,5m,9,0.0000,0.9950
2026-04-13T10:24:27.748647+00:00,bnb-updown-5m-1776075600,"BNB Up or Down - April 13, 6:20AM-6:25AM ET",updown,YES,0.8600,1.00,0.31,"BNB implied UP at 86%, edge +7.4%, 32s to close, price neutral (+0.000%)",lost,0.00,2026-04-13T10:25:00+00:00,5m,9,0.0000,0.8600
2026-04-13T10:24:27.768703+00:00,sol-updown-5m-1776075600,"Solana Up or Down - April 13, 6:20AM-6:25AM ET",updown,YES,0.8050,1.00,0.27,"SOL implied UP at 80%, edge +6.6%, 32s to close, price neutral (+0.000%)",lost,0.00,2026-04-13T10:25:00+00:00,5m,9,0.0000,0.8050
2026-04-13T10:24:54.850049+00:00,hype-updown-5m-1776075600,"Hyperliquid Up or Down - April 13, 6:20AM-6:25AM ET",arbitrage,NO,0.0950,1.00,1.00,"Trump�s strait blockade risks another serious blow to the global economy - This headline implies a negative economic impact of a blockade, aligning with a 'no' vote on the hype price going up.",won,10.53,2026-04-13T10:25:00+00:00,5m,9,0.0000,0.0950
2026-04-13T10:24:54.852493+00:00,btc-updown-5m-1776075600,"Bitcoin Up or Down - April 13, 6:20AM-6:25AM ET",arbitrage,NO,0.2050,1.00,1.00,Trump�s strait blockade risks another serious blow to the global economy - A significant economic blow would likely negatively impact the price of Bitcoin.,won,4.88,2026-04-13T10:25:00+00:00,5m,9,0.0000,0.2050
2026-04-13T12:19:30.269089+00:00,bnb-updown-5m-1776082500,"BNB Up or Down - April 13, 8:15AM-8:20AM ET",updown,NO,0.8350,1.00,0.29,"BNB implied DOWN at 16%, edge -7.0%, 30s to close",won,1.20,2026-04-13T12:20:00+00:00,5m,9,0.0000,0.8350
2026-04-13T12:29:25.330587+00:00,xrp-updown-5m-1776083100,"XRP Up or Down - April 13, 8:25AM-8:30AM ET",updown,NO,0.8250,1.00,0.29,"XRP implied DOWN at 18%, edge -6.9%, 35s to close",won,1.21,2026-04-13T12:30:00+00:00,5m,9,0.0000,0.8250
2026-04-13T12:34:25.423197+00:00,sol-updown-5m-1776083400,"Solana Up or Down - April 13, 8:30AM-8:35AM ET",updown,NO,0.8350,1.00,0.29,"SOL implied DOWN at 16%, edge -7.0%, 35s to close",lost,0.00,2026-04-13T12:35:00+00:00,5m,9,0.0000,0.8350
2026-04-13T12:34:25.424433+00:00,eth-updown-5m-1776083400,"Ethereum Up or Down - April 13, 8:30AM-8:35AM ET",updown,NO,0.8300,1.00,0.29,"ETH implied DOWN at 17%, edge -6.9%, 35s to close",lost,0.00,2026-04-13T12:35:00+00:00,5m,9,0.0000,0.8300
2026-04-13T12:34:25.425083+00:00,bnb-updown-5m-1776083400,"BNB Up or Down - April 13, 8:30AM-8:35AM ET",updown,NO,0.8150,1.00,0.28,"BNB implied DOWN at 18%, edge -6.7%, 35s to close",lost,0.00,2026-04-13T12:35:00+00:00,5m,9,0.0000,0.8150
2026-04-13T12:44:26.806095+00:00,eth-updown-5m-1776084000,"Ethereum Up or Down - April 13, 8:40AM-8:45AM ET",updown,NO,0.8550,1.00,0.31,"ETH implied DOWN at 14%, edge -7.3%, 33s to close, price neutral (+0.000%)",lost,0.00,2026-04-13T12:45:00+00:00,5m,9,0.0000,0.8550
2026-04-13T12:44:26.808251+00:00,xrp-updown-5m-1776084000,"XRP Up or Down - April 13, 8:40AM-8:45AM ET",updown,NO,0.8450,1.00,0.30,"XRP implied DOWN at 16%, edge -7.2%, 33s to close, price neutral (+0.000%)",lost,0.00,2026-04-13T12:45:00+00:00,5m,9,0.0000,0.8450
2026-04-13T14:19:30.749314+00:00,eth-updown-5m-1776089700,"Ethereum Up or Down - April 13, 10:15AM-10:20AM ET",updown,YES,0.8650,1.00,0.31,"ETH implied UP at 86%, edge +7.5%, 29s to close, price neutral (+0.000%)",lost,0.00,2026-04-13T14:20:00+00:00,5m,9,0.0000,0.8650
2026-04-13T14:19:30.750581+00:00,bnb-updown-5m-1776089700,"BNB Up or Down - April 13, 10:15AM-10:20AM ET",updown,YES,0.8650,1.00,0.31,"BNB implied UP at 86%, edge +7.5%, 29s to close, price neutral (+0.000%)",lost,0.00,2026-04-13T14:20:00+00:00,5m,9,0.0000,0.8650
2026-04-13T14:24:26.177231+00:00,sol-updown-5m-1776090000,"Solana Up or Down - April 13, 10:20AM-10:25AM ET",updown,YES,0.8150,1.00,0.28,"SOL implied UP at 82%, edge +6.7%, 34s to close, price neutral (-0.012%)",won,1.23,2026-04-13T14:25:00+00:00,5m,9,0.0000,0.8150
2026-04-13T14:24:26.178269+00:00,eth-updown-5m-1776090000,"Ethereum Up or Down - April 13, 10:20AM-10:25AM ET",updown,YES,0.8050,1.00,0.27,"ETH implied UP at 80%, edge +6.6%, 34s to close, price neutral (-0.037%)",won,1.24,2026-04-13T14:25:00+00:00,5m,9,0.0000,0.8050
2026-04-13T14:29:41.209403+00:00,sol-updown-15m-1776089700,"Solana Up or Down - April 13, 10:15AM-10:30AM ET",updown,NO,0.8550,1.00,0.49,"SOL implied DOWN at 14%, edge -8.3%, 19s to close, price confirms (-0.084%)",won,1.17,2026-04-13T14:30:00+00:00,15m,9,0.0000,0.8550
2026-04-13T14:34:26.649749+00:00,hype-updown-5m-1776090600,"Hyperliquid Up or Down - April 13, 10:30AM-10:35AM ET",updown,YES,0.8100,1.00,0.28,"HYPE implied UP at 81%, edge +6.7%, 33s to close",won,1.23,2026-04-13T14:35:00+00:00,5m,9,0.0000,0.8100
2026-04-13T14:39:50.060415+00:00,xrp-updown-5m-1776090900,"XRP Up or Down - April 13, 10:35AM-10:40AM ET",updown,NO,0.8050,1.00,0.53,"XRP implied DOWN at 20%, edge -7.6%, 10s to close, price confirms (-0.060%)",won,1.24,2026-04-13T14:40:00+00:00,5m,9,0.0000,0.8050
2026-04-13T14:49:39.607415+00:00,xrp-updown-5m-1776091500,"XRP Up or Down - April 13, 10:45AM-10:50AM ET",updown,NO,0.8350,1.00,0.29,"XRP implied DOWN at 16%, edge -7.0%, 21s to close, price neutral (+0.015%)",won,1.20,2026-04-13T14:50:00+00:00,5m,9,0.0000,0.8350
2026-04-13T15:04:44.362871+00:00,doge-updown-5m-1776092400,"Dogecoin Up or Down - April 13, 11:00AM-11:05AM ET",updown,NO,0.8350,1.00,0.38,"DOGE implied DOWN at 16%, edge -7.0%, 16s to close",won,1.20,2026-04-13T15:05:00+00:00,5m,9,0.0000,0.8350
2026-04-13T15:09:31.830910+00:00,xrp-updown-5m-1776092700,"XRP Up or Down - April 13, 11:05AM-11:10AM ET",updown,NO,0.8650,1.00,0.35,"XRP implied DOWN at 14%, edge -8.5%, 31s to close, price confirms (-0.045%)",won,1.16,2026-04-13T15:10:00+00:00,5m,9,0.0000,0.8650
2026-04-13T15:39:32.283942+00:00,eth-updown-5m-1776094500,"Ethereum Up or Down - April 13, 11:35AM-11:40AM ET",updown,NO,0.8350,1.00,0.33,"ETH implied DOWN at 16%, edge -8.0%, 28s to close, price confirms (-0.010%)",won,1.20,2026-04-13T15:40:00+00:00,5m,9,0.0000,0.8350
2026-04-13T16:19:44.995805+00:00,bnb-updown-5m-1776096900,"BNB Up or Down - April 13, 12:15PM-12:20PM ET",updown,YES,0.8200,1.00,0.43,"BNB implied UP at 82%, edge +7.8%, 15s to close, price confirms (+0.093%)",won,1.22,2026-04-13T16:20:00+00:00,5m,9,0.0000,0.8200
2026-04-13T16:39:30.182182+00:00,hype-updown-5m-1776098100,"Hyperliquid Up or Down - April 13, 12:35PM-12:40PM ET",updown,NO,0.8650,1.00,0.31,"HYPE implied DOWN at 14%, edge -7.5%, 30s to close",won,1.16,2026-04-13T16:40:00+00:00,5m,9,0.0000,0.8650
2026-04-13T16:39:30.183132+00:00,bnb-updown-5m-1776098100,"BNB Up or Down - April 13, 12:35PM-12:40PM ET",updown,YES,0.8200,1.00,0.28,"BNB implied UP at 82%, edge +6.8%, 30s to close",won,1.22,2026-04-13T16:40:00+00:00,5m,9,0.0000,0.8200
2026-04-13T16:44:30.289262+00:00,bnb-updown-5m-1776098400,"BNB Up or Down - April 13, 12:40PM-12:45PM ET",updown,NO,0.8350,1.00,0.29,"BNB implied DOWN at 16%, edge -7.0%, 30s to close, price neutral (+0.015%)",won,1.20,2026-04-13T16:45:00+00:00,5m,9,0.0000,0.8350


